Time,Time_Period,Day_of_week,Age_band_of_driver,Sex_of_driver,Educational_level,Vehicle_driver_relation,Driving_experience,Exp_Order,Type_of_vehicle,Owner_of_vehicle,Service_year_of_vehicle,Defect_of_vehicle,Area_accident_occured,Lanes_or_Medians,Road_allignment,Types_of_Junction,Road_surface_type,Road_surface_conditions,Light_conditions,Weather_conditions,Type_of_collision,Number_of_vehicles_involved,Number_of_casualties,Vehicle_movement,Casualty_class,Sex_of_casualty,Age_band_of_casualty,Casualty_severity,Work_of_casuality,Fitness_of_casuality,Cause_of_accident,Accident_severity
0:15:00,Night,Monday,31-50,Male,Junior High School,Employee,0-1,1,Unknown,Owner,Unknown,Defect Present,Other,Other,Flat Road,Crossing,Asphalt roads,Dry,Darkness - lights lit,Normal,Vehicle with vehicle collision,2,2,Reversing,Driver or rider,Male,18-30,Slight,Other,Unknown,Changing lane to the left,Slight Injury
0:15:00,Night,Monday,31-50,Male,Junior High School,Employee,1-2,2,Automobile,Owner,Unknown,No Defect,Office area,Unknown,Steep Downward,Crossing,Asphalt roads,Dry,Darkness - lights lit,Normal,Vehicle with vehicle collision,2,2,Going straight,Driver or rider,Male,Under 18,Serious,Driver,Normal,Other,Slight Injury
0:15:00,Night,Monday,18-30,Male,Elementary School,Employee,2-5,3,Unknown,Governmental,Unknown,No Defect,School area,Divided Road,Flat Road,Crossing,Earth roads,Dry,Darkness - lights lit,Normal,Collision with roadside objects,2,2,Reversing,Passenger,Male,Under 18,Serious,Driver,Normal,No distancing,Slight Injury
1:46:00,Night,Sunday,31-50,Male,Elementary School,Employee,2-5,3,Lorry,Owner,Unknown,No Defect,Other,Two Way (Divided - Broken Line),Steep Downward,Y Shape,Asphalt roads,Dry,Darkness - lights lit,Normal,Vehicle with vehicle collision,1,1,Unknown,Driver or rider,Male,Under 18,Serious,Self-employed,Normal,Moving Backward,Slight Injury
18:45:00,Evening,Friday,31-50,Male,Elementary School,Employee,5-10,4,Automobile,Owner,5-10 years,No Defect,Other,Two Way (Divided - Broken Line),Rolling Terrain,Y Shape,Asphalt roads,Dry,Daylight,Normal,Vehicle with vehicle collision,2,1,Going straight,Passenger,Female,31-50,Slight,Self-employed,Normal,No distancing,Slight Injury
18:45:00,Evening,Friday,Unknown,Male,Junior High School,Employee,5-10,4,Automobile,Governmental,Unknown,No Defect,Church area,Two Way (Divided - Broken Line),Flat Road,Y Shape,Asphalt roads,Dry,Daylight,Normal,Vehicle with vehicle collision,2,1,Reversing,Unspecified,Unknown,Unknown,No Injury,Self-employed,Other,Changing lane to the left,Slight Injury
21:35:00,Night,Monday,31-50,Male,Junior High School,Unknown,No License,6,Lorry,Owner,Unknown,Unknown,Office area,Unknown,Flat Road,O Shape,Asphalt roads,Dry,Darkness - lights lit,Normal,Collision with roadside objects,2,1,Other,Driver or rider,Male,31-50,Slight,Driver,Blind,Changing lane to the left,Slight Injury
21:35:00,Night,Monday,18-30,Male,Junior High School,Employee,10-20,5,Automobile,Owner,Unknown,Unknown,Other,Two Way (Divided - Broken Line),Flat Road,O Shape,Asphalt roads,Dry,Darkness - lights lit,Normal,Collision with roadside objects,2,1,Going straight,Driver or rider,Male,31-50,Fatal,Driver,Normal,No priority to pedestrian,Slight Injury
21:51:00,Night,Wednesday,18-30,Male,Junior High School,Employee,10-20,5,Automobile,Governmental,Unknown,No Defect,Residential area,Divided Road,Flat Road,Y Shape,Asphalt roads,Dry,Darkness - lights lit,Normal,Vehicle with vehicle collision,2,1,Going straight,Unspecified,Unknown,Unknown,No Injury,Driver,Normal,Changing lane to the left,Slight Injury
21:51:00,Night,Wednesday,31-50,Male,Junior High School,Owner,10-20,5,Automobile,Owner,Unknown,Unknown,Office area,Two Way (Divided - Broken Line),Flat Road,Y Shape,Asphalt roads,Dry,Darkness - lights lit,Normal,Vehicle with vehicle collision,2,1,Going straight,Driver or rider,Male,Under 18,Slight,Self-employed,Normal,Driving carelessly,Slight Injury
10:00:00,Morning,Friday,18-30,Male,Junior High School,Employee,No License,6,Taxi,Owner,Unknown,Unknown,Office area,Two Way (Undivided),Flat Road,No junction,Asphalt roads,Dry,Daylight,Normal,Collision with roadside objects,2,1,Moving Backward,Driver or rider,Male,Over 51,Slight,Driver,Normal,Driving carelessly,Slight Injury
10:00:00,Morning,Friday,Unknown,Male,Junior High School,Employee,5-10,4,Unknown,Owner,Below 1 year,Unknown,Office area,Two Way (Divided - Broken Line),Flat Road,No junction,Asphalt roads,Dry,Daylight,Normal,Collision with roadside objects,2,1,Going straight,Driver or rider,Female,18-30,Slight,Driver,Normal,No priority to pedestrian,Slight Injury
15:50:00,Afternoon,Thursday,18-30,Male,Junior High School,Employee,2-5,3,Unknown,Organization,1-2 years,Unknown,Church area,Unknown,Flat Road,Y Shape,Asphalt roads,Dry,Daylight,Normal,Vehicle with vehicle collision,2,1,Going straight,Driver or rider,Male,31-50,Serious,Driver,Normal,Getting off the vehicle improperly,Slight Injury
15:50:00,Afternoon,Thursday,31-50,Male,Elementary School,Employee,5-10,4,Automobile,Owner,Unknown,Unknown,Office area,Two Way (Divided - Broken Line),Flat Road,Y Shape,Asphalt roads,Dry,Daylight,Normal,Vehicle with vehicle collision,2,1,Going straight,Unspecified,Unknown,Unknown,No Injury,Driver,Normal,No distancing,Slight Injury
19:00:00,Evening,Monday,51-100,Male,Junior High School,Employee,2-5,3,Other,Owner,1-2 years,Unknown,Office area,Two Way (Divided - Broken Line),Flat Road,Crossing,Gravel roads,Dry,Daylight,Normal,Vehicle with vehicle collision,2,1,Going straight,Unspecified,Unknown,Unknown,No Injury,Driver,Normal,Changing lane to the left,Slight Injury
19:00:00,Evening,Monday,31-50,Male,High School,Owner,5-10,4,Unknown,Owner,Unknown,Unknown,Office area,Two Way (Divided - Broken Line),Flat Road,Crossing,Asphalt roads,Dry,Daylight,Normal,Collision with roadside objects,2,1,Other,Driver or rider,Male,Under 18,Slight,Driver,Normal,No priority to vehicle,Slight Injury
17:30:00,Evening,Tuesday,31-50,Male,Junior High School,Employee,10-20,5,Automobile,Owner,5-10 years,No Defect,Office area,Two Way (Divided - Broken Line),Flat Road,Y Shape,Asphalt roads,Dry,Daylight,Normal,Vehicle with vehicle collision,3,1,Unknown,Pedestrian,Female,Under 18,Slight,Driver,Normal,No distancing,Serious Injury
17:30:00,Evening,Tuesday,18-30,Male,Junior High School,Employee,2-5,3,Public Transport,Owner,Unknown,No Defect,Other,Two Way (Divided - Broken Line),Flat Road,Y Shape,Asphalt roads,Dry,Daylight,Normal,Vehicle with vehicle collision,3,1,Going straight,Pedestrian,Female,18-30,Serious,Employee,Unknown,No priority to pedestrian,Serious Injury
17:30:00,Evening,Tuesday,Unknown,Male,Elementary School,Employee,2-5,3,Public Transport,Owner,Unknown,No Defect,Residential area,Divided Road,Flat Road,Y Shape,Asphalt roads,Dry,Daylight,Normal,Vehicle with vehicle collision,3,1,Turnover,Driver or rider,Male,31-50,Slight,Driver,Normal,No priority to pedestrian,Serious Injury
14:03:00,Afternoon,Tuesday,31-50,Male,High School,Owner,10-20,5,Lorry,Owner,Unknown,No Defect,Church area,Two Way (Undivided),Flat Road,O Shape,Asphalt roads,Dry,Daylight,Normal,Rollover,1,1,Going straight,Passenger,Female,18-30,Slight,Driver,Normal,No priority to vehicle,Slight Injury
19:15:00,Evening,Wednesday,31-50,Male,Elementary School,Employee,1-2,2,Station Wagon,Owner,Unknown,No Defect,Other,Two Way (Divided - Broken Line),Flat Road,Y Shape,Asphalt roads,Dry,Daylight,Normal,Vehicle with vehicle collision,2,1,Moving Backward,Passenger,Female,18-30,Slight,Self-employed,Normal,Driving carelessly,Slight Injury
19:15:00,Evening,Wednesday,31-50,Male,Junior High School,Employee,10-20,5,Animal Transport,Owner,Unknown,No Defect,Recreational area,Two Way (Divided - Broken Line),Flat Road,Y Shape,Asphalt roads,Dry,Daylight,Normal,Vehicle with vehicle collision,2,1,Moving Backward,Unspecified,Unknown,Unknown,No Injury,Self-employed,Unknown,Changing lane to the right,Slight Injury
16:10:00,Afternoon,Friday,18-30,Male,Junior High School,Unknown,No License,6,Station Wagon,Owner,Unknown,Unknown,Unknown,Unknown,Flat Road,Y Shape,Asphalt roads,Dry,Daylight,Normal,Collision with pedestrians,2,1,Going straight,Unspecified,Unknown,Unknown,No Injury,Driver,Normal,Changing lane to the left,Slight Injury
16:10:00,Afternoon,Friday,31-50,Male,Junior High School,Owner,5-10,4,Automobile,Owner,Unknown,No Defect,Industrial area,Two Way (Undivided),Flat Road,Y Shape,Asphalt roads,Dry,Daylight,Normal,Vehicle with vehicle collision,2,1,Other,Driver or rider,Male,18-30,Slight,Self-employed,Unknown,Moving Backward,Slight Injury
20:10:00,Evening,Friday,31-50,Male,Above High School,Employee,5-10,4,Automobile,Owner,Unknown,No Defect,Other,Two Way (Divided - Broken Line),Flat Road,No junction,Asphalt roads,Dry,Darkness - lights lit,Normal,Vehicle with vehicle collision,3,1,Going straight,Driver or rider,Male,Under 18,Slight,Driver,Normal,Driving carelessly,Slight Injury
20:10:00,Evening,Friday,18-30,Male,Junior High School,Employee,5-10,4,Other,Owner,Unknown,Unknown,Other,Other,Flat Road,No junction,Asphalt roads,Dry,Darkness - lights lit,Normal,Vehicle with vehicle collision,3,1,Going straight,Unspecified,Unknown,Unknown,No Injury,Self-employed,Normal,Driving to the left,Slight Injury
20:10:00,Evening,Friday,18-30,Male,Junior High School,Employee,10-20,5,Taxi,Owner,5-10 years,No Defect,Church area,Other,Flat Road,No junction,Asphalt roads,Dry,Darkness - lights lit,Normal,Vehicle with vehicle collision,3,1,Going straight,Passenger,Female,Over 51,Serious,Driver,Normal,Driving to the left,Slight Injury
19:40:00,Evening,Saturday,31-50,Male,Junior High School,Employee,1-2,2,Automobile,Owner,5-10 years,No Defect,Church area,Two Way (Undivided),Flat Road,No junction,Asphalt roads,Dry,Darkness - lights lit,Normal,Collision with roadside objects,1,1,Going straight,Driver or rider,Female,18-30,Serious,Self-employed,Normal,No priority to pedestrian,Slight Injury
1:00:00,Night,Sunday,0-17,Male,Junior High School,Employee,2-5,3,Station Wagon,Owner,Unknown,No Defect,Other,Two Way (Divided - Broken Line),Flat Road,Y Shape,Asphalt roads,Dry,Darkness - lights lit,Normal,Vehicle with vehicle collision,2,1,Going straight,Passenger,Male,Under 18,Slight,Self-employed,Normal,Changing lane to the left,Slight Injury
1:00:00,Night,Sunday,31-50,Male,Junior High School,Employee,0-1,1,Automobile,Owner,Unknown,No Defect,Other,One Way,Flat Road,Y Shape,Asphalt roads,Dry,Darkness - lights lit,Normal,Vehicle with vehicle collision,2,1,Going straight,Pedestrian,Female,Over 51,Slight,Self-employed,Normal,Changing lane to the right,Slight Injury
21:39:00,Night,Saturday,Unknown,Male,Junior High School,Employee,10-20,5,Public Transport,Governmental,2-5 years,Unknown,Recreational area,Two Way (Divided - Broken Line),Flat Road,Y Shape,Asphalt roads,Dry,Darkness - lights lit,Normal,Vehicle with vehicle collision,2,1,Going straight,Pedestrian,Female,Over 51,Slight,Driver,Normal,Driving carelessly,Slight Injury
21:39:00,Night,Saturday,31-50,Male,Junior High School,Employee,1-2,2,Unknown,Owner,2-5 years,Unknown,Other,Two Way (Undivided),Flat Road,Y Shape,Asphalt roads,Dry,Darkness - lights lit,Normal,Vehicle with vehicle collision,2,1,Going straight,Driver or rider,Male,18-30,Slight,Employee,Normal,No distancing,Slight Injury
11:45:00,Morning,Sunday,31-50,Male,Above High School,Employee,5-10,4,Automobile,Owner,5-10 years,Unknown,Office area,Two Way (Undivided),Flat Road,Y Shape,Other,Dry,Daylight,Normal,Collision with roadside objects,2,1,Other,Driver or rider,Female,Over 51,Slight,Driver,Unknown,Getting off the vehicle improperly,Slight Injury
11:45:00,Morning,Sunday,18-30,Male,Junior High School,Employee,5-10,4,Lorry,Owner,5-10 years,No Defect,Church area,Two Way (Divided - Broken Line),Flat Road,Y Shape,Asphalt roads,Dry,Daylight,Normal,Vehicle with vehicle collision,2,1,Going straight,Passenger,Male,Over 51,Slight,Driver,Unknown,Driving under the influence of drugs,Slight Injury
8:40:00,Morning,Wednesday,18-30,Male,Elementary School,Owner,0-1,1,Unknown,Owner,2-5 years,Unknown,Office area,Two Way (Divided - Broken Line),Flat Road,No junction,Asphalt roads,Dry,Daylight,Normal,Collision with roadside objects,2,1,Overtaking,Driver or rider,Male,18-30,Slight,Driver,Unknown,Changing lane to the right,Slight Injury
8:40:00,Morning,Wednesday,Unknown,Male,Junior High School,Unknown,No License,6,Public Transport,Owner,Unknown,No Defect,Office area,Two Way (Undivided),Mountainous Terrain,No junction,Asphalt roads,Dry,Daylight,Normal,Vehicle with vehicle collision,2,1,Going straight,Unspecified,Unknown,Unknown,No Injury,Driver,Normal,Driving carelessly,Slight Injury
13:57:00,Afternoon,Monday,31-50,Male,Junior High School,Employee,10-20,5,Unknown,Owner,2-5 years,No Defect,Other,Two Way (Undivided),Flat Road,Y Shape,Asphalt roads,Wet or damp,Daylight,Raining,Rollover,2,1,Going straight,Unspecified,Unknown,Unknown,No Injury,Self-employed,Normal,Moving Backward,Slight Injury
13:57:00,Afternoon,Monday,18-30,Male,Junior High School,Unknown,No License,6,Public Transport,Governmental,Unknown,Unknown,Residential area,Two Way (Divided - Broken Line),Flat Road,Y Shape,Asphalt roads,Wet or damp,Daylight,Raining,Vehicle with vehicle collision,2,1,Going straight,Unspecified,Unknown,Unknown,No Injury,Driver,Unknown,Turnover,Slight Injury
16:09:00,Afternoon,Monday,18-30,Male,Junior High School,Employee,1-2,2,Public Transport,Owner,2-5 years,No Defect,Office area,Two Way (Divided - Broken Line),Flat Road,Y Shape,Asphalt roads,Wet or damp,Daylight,Raining,Vehicle with vehicle collision,1,1,U-Turn,Unspecified,Unknown,Unknown,No Injury,Driver,Unknown,Changing lane to the right,Slight Injury
10:35:00,Morning,Wednesday,31-50,Male,Junior High School,Owner,2-5,3,Automobile,Owner,2-5 years,Unknown,Residential area,Other,Flat Road,Crossing,Asphalt roads,Dry,Daylight,Normal,Vehicle with vehicle collision,2,1,Going straight,Driver or rider,Female,Under 18,Slight,Driver,Normal,Driving carelessly,Slight Injury
10:35:00,Morning,Wednesday,31-50,Male,Junior High School,Employee,No License,6,Automobile,Owner,Unknown,No Defect,Residential area,Two Way (Divided - Broken Line),Flat Road,Crossing,Asphalt roads,Dry,Daylight,Normal,Vehicle with vehicle collision,2,1,Going straight,Driver or rider,Male,31-50,Slight,Driver,Normal,No priority to vehicle,Slight Injury
17:05:00,Evening,Tuesday,18-30,Male,Junior High School,Employee,10-20,5,Public Transport,Owner,Unknown,No Defect,Other,Divided Road,Flat Road,Y Shape,Asphalt roads,Dry,Daylight,Normal,Vehicle with vehicle collision,2,1,Going straight,Passenger,Male,31-50,Slight,Driver,Normal,Moving Backward,Slight Injury
17:05:00,Evening,Tuesday,18-30,Male,Junior High School,Owner,2-5,3,Lorry,Owner,Unknown,No Defect,Hospital area,One Way,Flat Road,Y Shape,Asphalt roads,Dry,Daylight,Normal,Collision with pedestrians,2,1,Going straight,Passenger,Male,31-50,Slight,Self-employed,Normal,Changing lane to the left,Slight Injury
11:00:00,Morning,Wednesday,51-100,Male,Junior High School,Employee,5-10,4,Public Transport,Governmental,Unknown,No Defect,Other,Two Way (Undivided),Flat Road,Crossing,Earth roads,Dry,Daylight,Normal,Rollover,2,1,Turnover,Unspecified,Unknown,Unknown,No Injury,Driver,Normal,Overturning,Slight Injury
11:00:00,Morning,Wednesday,31-50,Male,Junior High School,Employee,2-5,3,Unknown,Owner,Unknown,No Defect,Other,Two Way (Undivided),Flat Road,Crossing,Asphalt roads,Dry,Daylight,Normal,Vehicle with vehicle collision,2,1,Going straight,Driver or rider,Male,18-30,Slight,Driver,Normal,No distancing,Slight Injury
18:10:00,Evening,Wednesday,31-50,Male,Junior High School,Employee,1-2,2,Unknown,Owner,Unknown,No Defect,Recreational area,One Way,Flat Road,Y Shape,Asphalt roads,Dry,Daylight,Normal,Rollover,2,1,Going straight,Passenger,Male,Under 18,Slight,Self-employed,Normal,Driving carelessly,Serious Injury
18:10:00,Evening,Wednesday,31-50,Male,Junior High School,Employee,5-10,4,Automobile,Owner,Unknown,No Defect,Other,Two Way (Undivided),Flat Road,Y Shape,Asphalt roads,Dry,Daylight,Normal,Vehicle with vehicle collision,2,1,Moving Backward,Driver or rider,Male,18-30,Serious,Self-employed,Normal,No distancing,Serious Injury
15:25:00,Afternoon,Tuesday,31-50,Male,Junior High School,Employee,2-5,3,Automobile,Owner,Unknown,No Defect,Other,Two Way (Undivided),Flat Road,No junction,Asphalt roads,Dry,Daylight,Normal,Vehicle with vehicle collision,2,1,Going straight,Passenger,Male,18-30,Serious,Driver,Normal,Changing lane to the left,Slight Injury
15:25:00,Afternoon,Tuesday,18-30,Male,Elementary School,Employee,5-10,4,Lorry,Owner,Unknown,No Defect,Other,Two Way (Undivided),Flat Road,No junction,Earth roads,Dry,Daylight,Normal,Vehicle with vehicle collision,2,1,Moving Backward,Unspecified,Unknown,Unknown,No Injury,Self-employed,Unknown,No priority to pedestrian,Slight Injury
19:00:00,Evening,Thursday,51-100,Male,Above High School,Owner,5-10,4,Automobile,Owner,Below 1 year,No Defect,Office area,Two Way (Divided - Broken Line),Flat Road,No junction,Asphalt roads,Dry,Daylight,Normal,Vehicle with vehicle collision,2,1,Going straight,Driver or rider,Male,Under 18,Slight,Driver,Unknown,No distancing,Slight Injury
19:00:00,Evening,Thursday,Unknown,Female,Junior High School,Employee,2-5,3,Public Transport,Owner,2-5 years,No Defect,Other,Two Way (Divided - Broken Line),Flat Road,No junction,Asphalt roads,Dry,Daylight,Normal,Vehicle with vehicle collision,2,1,Going straight,Unspecified,Unknown,Unknown,No Injury,Driver,Unknown,No distancing,Slight Injury
8:21:00,Morning,Thursday,18-30,Male,Junior High School,Employee,2-5,3,Automobile,Owner,Unknown,No Defect,Residential area,Two Way (Divided - Broken Line),Flat Road,Y Shape,Earth roads,Wet or damp,Daylight,Raining,Collision with roadside objects,2,1,Going straight,Driver or rider,Male,Under 18,Slight,Driver,Normal,Changing lane to the left,Slight Injury
8:21:00,Morning,Thursday,18-30,Male,Junior High School,Employee,2-5,3,Public Transport,Owner,5-10 years,No Defect,Other,Two Way (Undivided),Flat Road,Y Shape,Asphalt roads,Wet or damp,Daylight,Raining,Vehicle with vehicle collision,2,1,Going straight,Unspecified,Unknown,Unknown,No Injury,Self-employed,Normal,No distancing,Slight Injury
8:30:00,Morning,Thursday,18-30,Male,Junior High School,Employee,5-10,4,Lorry,Owner,Unknown,No Defect,Other,Two Way (Undivided),Flat Road,Crossing,Asphalt roads,Dry,Daylight,Normal,Vehicle with vehicle collision,2,1,U-Turn,Passenger,Female,Over 51,Slight,Driver,Normal,Changing lane to the left,Slight Injury
8:30:00,Morning,Thursday,18-30,Male,Junior High School,Employee,1-2,2,Automobile,Owner,Unknown,Unknown,Church area,Two Way (Undivided),Flat Road,Crossing,Asphalt roads,Dry,Daylight,Normal,Vehicle with vehicle collision,2,1,Going straight,Pedestrian,Female,Under 18,Slight,Employee,Normal,No distancing,Slight Injury
18:21:00,Evening,Sunday,18-30,Male,Junior High School,Owner,2-5,3,Lorry,Owner,1-2 years,Defect Present,Office area,Two Way (Undivided),Flat Road,Y Shape,Asphalt roads,Dry,Daylight,Normal,Collision with pedestrians,2,1,Going straight,Driver or rider,Male,31-50,Serious,Driver,Normal,No distancing,Slight Injury
18:21:00,Evening,Sunday,51-100,Male,High School,Owner,2-5,3,Public Transport,Owner,Above 10 years,No Defect,School area,Other,Flat Road,Y Shape,Asphalt roads,Dry,Daylight,Normal,Vehicle with vehicle collision,2,1,Going straight,Unspecified,Unknown,Unknown,No Injury,Driver,Normal,No distancing,Slight Injury
18:40:00,Evening,Saturday,31-50,Male,Junior High School,Employee,No License,6,Public Transport,Owner,2-5 years,No Defect,Other,Two Way (Undivided),Flat Road,Y Shape,Asphalt roads,Dry,Daylight,Normal,Vehicle with vehicle collision,2,1,Going straight,Driver or rider,Male,Under 18,Slight,Driver,Normal,Changing lane to the left,Slight Injury
18:40:00,Evening,Saturday,18-30,Male,Junior High School,Owner,1-2,2,Unknown,Owner,1-2 years,No Defect,Office area,Two Way (Undivided),Flat Road,Y Shape,Asphalt roads,Dry,Daylight,Normal,Vehicle with vehicle collision,2,1,Going straight,Passenger,Male,Under 18,Slight,Driver,Normal,Changing lane to the right,Slight Injury
4:02:00,Night,Sunday,Unknown,Male,Junior High School,Unknown,0-1,1,Lorry,Owner,1-2 years,No Defect,Residential area,Other,Steep Downward,Crossing,Asphalt roads,Dry,Darkness - lights lit,Normal,Rollover,2,3,Going straight,Unspecified,Unknown,Unknown,No Injury,Driver,Normal,Moving Backward,Slight Injury
4:02:00,Night,Sunday,Unknown,Male,High School,Employee,1-2,2,Lorry,Owner,1-2 years,No Defect,Industrial area,One Way,Flat Road,Crossing,Asphalt roads,Dry,Darkness - lights lit,Normal,Collision with roadside objects,2,3,Stopping,Passenger,Male,18-30,Slight,Driver,Normal,Changing lane to the right,Slight Injury
4:02:00,Night,Sunday,Unknown,Male,Above High School,Employee,1-2,2,Lorry,Owner,2-5 years,No Defect,Other,Two Way (Undivided),Flat Road,Crossing,Asphalt roads,Dry,Darkness - lights lit,Normal,Vehicle with vehicle collision,2,3,Turnover,Unspecified,Unknown,Unknown,No Injury,Employee,Normal,No distancing,Slight Injury
4:02:00,Night,Sunday,31-50,Male,Junior High School,Employee,10-20,5,Lorry,Owner,1-2 years,No Defect,Residential area,Two Way (Undivided),Flat Road,Crossing,Asphalt roads,Dry,Darkness - lights lit,Normal,Vehicle with vehicle collision,2,3,Getting off,Unspecified,Unknown,Unknown,No Injury,Driver,Normal,Overtaking,Slight Injury
12:47:00,Afternoon,Saturday,31-50,Male,High School,Employee,1-2,2,Public Transport,Owner,1-2 years,No Defect,Recreational area,Two Way (Divided - Broken Line),Flat Road,No junction,Asphalt roads,Dry,Daylight,Normal,Collision with roadside objects,1,1,Moving Backward,Unspecified,Unknown,Unknown,No Injury,Employee,Normal,Other,Slight Injury
9:20:00,Morning,Friday,31-50,Male,Junior High School,Employee,2-5,3,Unknown,Owner,Unknown,Defect Present,Office area,Other,Flat Road,Y Shape,Asphalt roads with some distress,Dry,Daylight,Normal,Vehicle with vehicle collision,1,1,Moving Backward,Driver or rider,Female,18-30,Slight,Self-employed,Normal,Other,Slight Injury
14:23:00,Afternoon,Sunday,18-30,Male,Above High School,Other,2-5,3,Taxi,Owner,Unknown,No Defect,Outside rural area,Two Way (Divided - Broken Line),Flat Road,No junction,Asphalt roads,Dry,Daylight,Normal,Vehicle with vehicle collision,2,1,Going straight,Passenger,Male,Under 18,Slight,Driver,Normal,Changing lane to the right,Slight Injury
14:23:00,Afternoon,Sunday,Unknown,Male,High School,Employee,10-20,5,Unknown,Owner,1-2 years,No Defect,Outside rural area,Two Way (Divided - Broken Line),Flat Road,No junction,Asphalt roads,Dry,Daylight,Normal,Vehicle with vehicle collision,2,1,Turnover,Passenger,Female,Under 18,Slight,Driver,Normal,No priority to pedestrian,Slight Injury
14:32:00,Afternoon,Monday,31-50,Male,Elementary School,Employee,5-10,4,Automobile,Owner,1-2 years,No Defect,Outside rural area,Two Way (Undivided),Flat Road,Crossing,Asphalt roads,Dry,Daylight,Normal,Rollover,2,4,Going straight,Passenger,Male,Under 18,Slight,Self-employed,Normal,No priority to vehicle,Slight Injury
14:32:00,Afternoon,Monday,31-50,Male,High School,Employee,1-2,2,Unknown,Governmental,Below 1 year,No Defect,Outside rural area,Two Way (Undivided),Flat Road,Crossing,Asphalt roads,Dry,Daylight,Normal,Rollover,2,4,Going straight,Driver or rider,Female,18-30,Slight,Self-employed,Normal,Changing lane to the left,Slight Injury
14:32:00,Afternoon,Monday,51-100,Male,High School,Employee,5-10,4,Lorry,Owner,Unknown,No Defect,Outside rural area,Other,Steep Downward,Crossing,Asphalt roads,Dry,Daylight,Normal,Collision with pedestrians,2,4,U-Turn,Unspecified,Unknown,Unknown,No Injury,Driver,Normal,Changing lane to the left,Slight Injury
14:32:00,Afternoon,Monday,51-100,Male,High School,Employee,2-5,3,Automobile,Owner,Unknown,No Defect,School area,Other,Steep Downward,Crossing,Asphalt roads,Dry,Daylight,Normal,Vehicle with vehicle collision,2,4,Going straight,Unspecified,Unknown,Unknown,No Injury,Driver,Normal,Overtaking,Slight Injury
8:40:00,Morning,Wednesday,18-30,Male,Junior High School,Employee,1-2,2,Automobile,Owner,Above 10 years,No Defect,Outside rural area,Two Way (Divided - Broken Line),Flat Road,Y Shape,Asphalt roads,Dry,Daylight,Normal,Vehicle with vehicle collision,2,1,Going straight,Driver or rider,Female,18-30,Slight,Self-employed,Normal,No distancing,Slight Injury
8:40:00,Morning,Wednesday,Unknown,Male,Above High School,Employee,10-20,5,Lorry,Owner,Unknown,No Defect,Outside rural area,Two Way (Undivided),Flat Road,Y Shape,Asphalt roads,Dry,Daylight,Normal,Vehicle with vehicle collision,2,1,U-Turn,Unspecified,Unknown,Unknown,No Injury,Self-employed,Normal,No priority to vehicle,Slight Injury
18:33:00,Evening,Tuesday,18-30,Male,Above High School,Employee,2-5,3,Automobile,Owner,Unknown,No Defect,Outside rural area,Two Way (Divided - Broken Line),Other,Crossing,Asphalt roads,Dry,Daylight,Normal,Collision with pedestrians,2,1,Stopping,Driver or rider,Female,18-30,Slight,Driver,Normal,Changing lane to the right,Slight Injury
18:33:00,Evening,Tuesday,18-30,Male,Elementary School,Employee,5-10,4,Automobile,Owner,2-5 years,No Defect,Outside rural area,Two Way (Divided - Broken Line),Mountainous Terrain,Crossing,Asphalt roads,Dry,Daylight,Normal,Collision with pedestrians,2,1,Going straight,Passenger,Female,31-50,Slight,Driver,Normal,Changing lane to the left,Slight Injury
10:50:00,Morning,Thursday,18-30,Male,Elementary School,Employee,1-2,2,Automobile,Owner,2-5 years,No Defect,Office area,Two Way (Undivided),Mountainous Terrain,Y Shape,Asphalt roads,Dry,Daylight,Normal,Vehicle with vehicle collision,2,1,Moving Backward,Unspecified,Unknown,Unknown,No Injury,Driver,Normal,No distancing,Slight Injury
10:50:00,Morning,Thursday,Unknown,Male,Junior High School,Employee,No License,6,Taxi,Owner,2-5 years,No Defect,Outside rural area,Two Way (Undivided),Mountainous Terrain,Y Shape,Asphalt roads,Dry,Daylight,Normal,Vehicle with vehicle collision,2,1,Getting off,Driver or rider,Female,31-50,Slight,Driver,Unknown,Driving carelessly,Slight Injury
17:25:00,Evening,Wednesday,31-50,Male,Junior High School,Unknown,No License,6,Unknown,Owner,Unknown,No Defect,Outside rural area,Two Way (Undivided),Mountainous Terrain,O Shape,Asphalt roads,Dry,Daylight,Normal,Vehicle with vehicle collision,2,1,Going straight,Driver or rider,Female,Under 18,Slight,Driver,Normal,No priority to pedestrian,Slight Injury
17:25:00,Evening,Wednesday,31-50,Male,Elementary School,Employee,5-10,4,Unknown,Owner,2-5 years,No Defect,Outside rural area,Two Way (Undivided),Flat Road,O Shape,Asphalt roads,Dry,Daylight,Normal,Collision with roadside objects,2,1,Going straight,Unspecified,Unknown,Unknown,No Injury,Driver,Normal,Driving carelessly,Slight Injury
9:20:00,Morning,Wednesday,31-50,Male,Junior High School,Employee,2-5,3,Automobile,Owner,Unknown,No Defect,Office area,Two Way (Undivided),Flat Road,Y Shape,Asphalt roads,Dry,Daylight,Normal,Vehicle with vehicle collision,2,1,Turnover,Driver or rider,Male,18-30,Serious,Driver,Unknown,Moving Backward,Slight Injury
9:20:00,Morning,Wednesday,31-50,Male,Junior High School,Employee,5-10,4,Other,Owner,Unknown,No Defect,Recreational area,Two Way (Undivided),Flat Road,Y Shape,Asphalt roads,Dry,Daylight,Normal,Collision with roadside objects,2,1,Moving Backward,Unspecified,Unknown,Unknown,No Injury,Driver,Unknown,No distancing,Slight Injury