Time,Time_Period,Day_of_week,Age_band_of_driver,Sex_of_driver,Educational_level,Vehicle_driver_relation,Driving_experience,Exp_Order,Type_of_vehicle,Owner_of_vehicle,Service_year_of_vehicle,Defect_of_vehicle,Area_accident_occured,Lanes_or_Medians,Road_allignment,Types_of_Junction,Road_surface_type,Road_surface_conditions,Light_conditions,Weather_conditions,Type_of_collision,Number_of_vehicles_involved,Number_of_casualties,Vehicle_movement,Casualty_class,Sex_of_casualty,Age_band_of_casualty,Casualty_severity,Work_of_casuality,Fitness_of_casuality,Cause_of_accident,Accident_severity
12:46:00,Afternoon,Friday,18-30,Male,Elementary School,Employee,10-20,5,Lorry,Owner,Unknown,No Defect,Other,Two Way (Divided - Broken Line),Flat Road,Y Shape,Asphalt roads,Wet or damp,Daylight,Raining,Collision with roadside objects,1,1,Going straight,Passenger,Female,18-30,Slight,Self-employed,Normal,No distancing,Slight Injury
19:47:00,Evening,Friday,18-30,Male,Junior High School,Employee,10-20,5,Other,Owner,5-10 years,No Defect,Other,Two Way (Divided - Broken Line),Flat Road,Y Shape,Asphalt roads,Wet or damp,Darkness - lights lit,Normal,Vehicle with vehicle collision,4,4,Going straight,Passenger,Female,18-30,Slight,Driver,Normal,No distancing,Slight Injury
19:47:00,Evening,Friday,18-30,Male,Junior High School,Employee,2-5,3,Other,Governmental,Unknown,No Defect,Other,Two Way (Divided - Broken Line),Flat Road,Y Shape,Asphalt roads,Wet or damp,Darkness - lights lit,Normal,Vehicle with vehicle collision,4,4,Going straight,Passenger,Male,18-30,Slight,Employee,Normal,Changing lane to the left,Slight Injury
19:47:00,Evening,Friday,18-30,Male,Junior High School,Employee,10-20,5,Unknown,Owner,5-10 years,Unknown,Other,Two Way (Undivided),Flat Road,Y Shape,Asphalt roads,Wet or damp,Darkness - lights lit,Normal,Vehicle with vehicle collision,4,4,Going straight,Driver or rider,Male,18-30,Slight,Driver,Normal,Changing lane to the left,Slight Injury
19:47:00,Evening,Friday,18-30,Male,Junior High School,Employee,10-20,5,Lorry,Owner,Unknown,Unknown,Industrial area,Two Way (Undivided),Flat Road,Y Shape,Asphalt roads,Wet or damp,Darkness - lights lit,Normal,Collision with roadside objects,4,4,Unknown,Unspecified,Unknown,Unknown,No Injury,Driver,Normal,Moving Backward,Slight Injury
19:47:00,Evening,Friday,Unknown,Female,Junior High School,Employee,0-1,1,Automobile,Owner,5-10 years,Unknown,Industrial area,Two Way (Undivided),Flat Road,Y Shape,Asphalt roads,Wet or damp,Darkness - lights lit,Normal,Vehicle with vehicle collision,4,4,Moving Backward,Driver or rider,Male,18-30,Slight,Driver,Normal,Changing lane to the right,Slight Injury
19:47:00,Evening,Friday,Unknown,Female,Junior High School,Owner,10-20,5,Public Transport,Owner,Unknown,No Defect,Church area,Divided Road,Flat Road,Y Shape,Asphalt roads,Wet or damp,Darkness - lights lit,Normal,Vehicle with vehicle collision,4,4,Unknown,Passenger,Female,Over 51,Slight,Driver,Normal,No priority to vehicle,Slight Injury
17:21:00,Evening,Tuesday,51-100,Male,High School,Other,10-20,5,Automobile,Owner,Unknown,No Defect,Other,Two Way (Undivided),Flat Road,No junction,Asphalt roads,Dry,Daylight,Normal,Vehicle with vehicle collision,2,1,Going straight,Driver or rider,Male,18-30,Slight,Driver,Normal,Moving Backward,Slight Injury
17:21:00,Evening,Tuesday,31-50,Male,Junior High School,Employee,5-10,4,Lorry,Owner,Above 10 years,Unknown,Other,Two Way (Undivided),Flat Road,No junction,Earth roads,Dry,Daylight,Normal,Collision with roadside objects,2,1,Going straight,Unspecified,Unknown,Unknown,No Injury,Driver,Normal,Driving carelessly,Slight Injury
17:25:00,Evening,Friday,31-50,Male,Elementary School,Unknown,No License,6,Public Transport,Owner,Unknown,No Defect,Office area,Two Way (Undivided),Flat Road,No junction,Asphalt roads,Dry,Daylight,Unknown,Vehicle with vehicle collision,3,3,Unknown,Unspecified,Unknown,Unknown,No Injury,Employee,Normal,Driving carelessly,Slight Injury
17:25:00,Evening,Friday,31-50,Male,Junior High School,Employee,5-10,4,Motorcycle,Owner,Unknown,No Defect,Office area,Two Way (Undivided),Flat Road,No junction,Asphalt roads,Dry,Daylight,Unknown,Vehicle with vehicle collision,3,3,Going straight,Driver or rider,Male,31-50,Slight,Driver,Normal,Driving under the influence of drugs,Slight Injury
17:25:00,Evening,Friday,31-50,Male,Junior High School,Employee,5-10,4,Public Transport,Governmental,Below 1 year,Unknown,Residential area,Two Way (Divided - Broken Line),Flat Road,No junction,Asphalt roads,Dry,Daylight,Unknown,Vehicle with vehicle collision,3,3,Going straight,Driver or rider,Male,31-50,Serious,Employee,Normal,No priority to pedestrian,Slight Injury
17:25:00,Evening,Friday,31-50,Male,Junior High School,Owner,0-1,1,Lorry,Owner,Unknown,No Defect,Industrial area,Two Way (Undivided),Flat Road,No junction,Asphalt roads,Dry,Daylight,Unknown,Vehicle with vehicle collision,3,3,Going straight,Unspecified,Unknown,Unknown,No Injury,Self-employed,Normal,No priority to vehicle,Slight Injury
17:25:00,Evening,Friday,31-50,Male,Junior High School,Employee,5-10,4,Automobile,Owner,Unknown,No Defect,Office area,Two Way (Undivided),Flat Road,No junction,Earth roads,Dry,Daylight,Unknown,Vehicle with vehicle collision,3,3,Going straight,Pedestrian,Male,Under 18,Slight,Driver,Normal,Driving carelessly,Slight Injury
7:35:00,Morning,Wednesday,31-50,Male,Elementary School,Employee,2-5,3,Lorry,Owner,Unknown,No Defect,Other,Two Way (Undivided),Flat Road,No junction,Asphalt roads,Wet or damp,Daylight,Raining,Vehicle with vehicle collision,3,1,Going straight,Pedestrian,Male,Over 51,Slight,Driver,Normal,Moving Backward,Slight Injury
7:35:00,Morning,Wednesday,31-50,Male,Junior High School,Owner,2-5,3,Station Wagon,Owner,Unknown,Unknown,Other,Two Way (Divided - Broken Line),Flat Road,No junction,Asphalt roads,Wet or damp,Daylight,Raining,Vehicle with vehicle collision,3,1,Going straight,Driver or rider,Male,18-30,Slight,Self-employed,Normal,Driving carelessly,Slight Injury
7:35:00,Morning,Wednesday,31-50,Male,Elementary School,Employee,2-5,3,Other,Owner,Unknown,No Defect,Residential area,Two Way (Undivided),Flat Road,No junction,Earth roads,Wet or damp,Daylight,Raining,Collision with animals,3,1,Going straight,Pedestrian,Female,18-30,Slight,Self-employed,Normal,No priority to vehicle,Slight Injury
15:20:00,Afternoon,Wednesday,Unknown,Male,Junior High School,Owner,2-5,3,Automobile,Owner,Unknown,Unknown,Office area,Two Way (Divided - Broken Line),Flat Road,No junction,Asphalt roads,Dry,Daylight,Normal,Collision with animals,1,1,Other,Unspecified,Unknown,Unknown,No Injury,Driver,Normal,Changing lane to the right,Serious Injury
6:40:00,Morning,Thursday,31-50,Male,Junior High School,Employee,10-20,5,Automobile,Organization,Unknown,Unknown,Residential area,Other,Flat Road,Crossing,Asphalt roads,Dry,Darkness - lights lit,Normal,Collision with animals,2,1,Going straight,Driver or rider,Male,18-30,Slight,Driver,Normal,Changing lane to the left,Slight Injury
6:40:00,Morning,Thursday,18-30,Male,Junior High School,Employee,2-5,3,Unknown,Owner,Unknown,Unknown,Office area,Two Way (Divided - Broken Line),Flat Road,Crossing,Asphalt roads,Dry,Darkness - lights lit,Normal,Collision with animals,2,1,Going straight,Driver or rider,Male,31-50,Slight,Self-employed,Normal,No priority to vehicle,Slight Injury
14:33:00,Afternoon,Sunday,31-50,Male,Junior High School,Employee,1-2,2,Other,Owner,Unknown,Unknown,Church area,Two Way (Divided - Broken Line),Flat Road,Y Shape,Asphalt roads,Dry,Daylight,Normal,Collision with animals,3,2,Going straight,Unspecified,Unknown,Unknown,No Injury,Self-employed,Normal,Driving carelessly,Slight Injury
14:33:00,Afternoon,Sunday,31-50,Male,Junior High School,Employee,2-5,3,Automobile,Organization,5-10 years,Unknown,Residential area,Two Way (Divided - Broken Line),Flat Road,Y Shape,Asphalt roads,Dry,Daylight,Normal,Collision with animals,3,2,Going straight,Passenger,Female,Under 18,Slight,Driver,Normal,Moving Backward,Slight Injury
14:33:00,Afternoon,Sunday,51-100,Male,Junior High School,Employee,1-2,2,Public Transport,Owner,Above 10 years,Unknown,School area,Other,Flat Road,Y Shape,Asphalt roads,Dry,Daylight,Normal,Collision with animals,3,2,Going straight,Pedestrian,Male,31-50,Slight,Driver,Normal,Overtaking,Slight Injury
14:33:00,Afternoon,Sunday,51-100,Male,Junior High School,Employee,5-10,4,Public Transport,Owner,5-10 years,Unknown,Hospital area,Other,Steep Downward,Y Shape,Asphalt roads,Dry,Daylight,Normal,Collision with animals,3,2,Going straight,Unspecified,Unknown,Unknown,No Injury,Driver,Normal,Changing lane to the left,Slight Injury
14:33:00,Afternoon,Sunday,18-30,Male,Junior High School,Employee,5-10,4,Automobile,Owner,2-5 years,Unknown,Other,Two Way (Undivided),Flat Road,Y Shape,Asphalt roads,Dry,Daylight,Normal,Collision with animals,3,2,Moving Backward,Driver or rider,Female,18-30,Slight,Driver,Unknown,Changing lane to the right,Slight Injury
14:33:00,Afternoon,Sunday,Unknown,Male,Elementary School,Owner,2-5,3,Public Transport,Owner,Unknown,Unknown,School area,Divided Road,Flat Road,Y Shape,Asphalt roads,Dry,Daylight,Normal,Collision with animals,3,2,Going straight,Unspecified,Unknown,Unknown,No Injury,Driver,Normal,Overtaking,Slight Injury
7:20:00,Morning,Wednesday,18-30,Male,Elementary School,Employee,0-1,1,Public Transport,Owner,Above 10 years,No Defect,Other,Other,Flat Road,Y Shape,Asphalt roads,Wet or damp,Daylight,Normal,Collision with animals,1,1,Going straight,Driver or rider,Male,31-50,Slight,Driver,Normal,Overloading,Serious Injury
10:04:00,Morning,Thursday,51-100,Male,Junior High School,Unknown,No License,6,Lorry,Owner,5-10 years,Unknown,Industrial area,Two Way (Undivided),Flat Road,Unknown,Asphalt roads,Dry,Daylight,Normal,Collision with animals,1,1,Going straight,Passenger,Female,18-30,Slight,Driver,Unknown,Other,Serious Injury
14:20:00,Afternoon,Saturday,18-30,Male,Junior High School,Employee,10-20,5,Automobile,Owner,Unknown,No Defect,Church area,Two Way (Divided - Broken Line),Flat Road,Other,Asphalt roads,Wet or damp,Daylight,Other,Other,2,1,Going straight,Pedestrian,Female,31-50,Slight,Driver,Unknown,No priority to vehicle,Slight Injury
14:20:00,Afternoon,Saturday,Unknown,Female,High School,Employee,1-2,2,Other,Owner,Unknown,No Defect,Office area,Two Way (Divided - Broken Line),Flat Road,Other,Asphalt roads with some distress,Wet or damp,Daylight,Other,Rollover,2,1,Going straight,Driver or rider,Male,18-30,Slight,Driver,Unknown,Changing lane to the right,Slight Injury
19:50:00,Evening,Monday,Unknown,Female,Junior High School,Owner,5-10,4,Other,Owner,Unknown,No Defect,Other,Two Way (Divided - Broken Line),Flat Road,No junction,Asphalt roads,Wet or damp,Darkness - lights lit,Raining,Collision with animals,2,2,Going straight,Unspecified,Unknown,Unknown,No Injury,Driver,Normal,Moving Backward,Slight Injury
19:50:00,Evening,Monday,18-30,Male,Junior High School,Employee,1-2,2,Lorry,Owner,Unknown,No Defect,Office area,Divided Road,Flat Road,No junction,Asphalt roads,Wet or damp,Darkness - lights lit,Raining,Rollover,2,2,Going straight,Driver or rider,Male,Under 18,Slight,Driver,Unknown,Changing lane to the left,Slight Injury
19:50:00,Evening,Monday,18-30,Male,Junior High School,Employee,10-20,5,Automobile,Owner,Unknown,No Defect,Office area,Divided Road,Flat Road,No junction,Asphalt roads,Wet or damp,Darkness - lights lit,Raining,Collision with animals,2,2,Going straight,Unspecified,Unknown,Unknown,No Injury,Driver,Unknown,No priority to pedestrian,Slight Injury
10:20:00,Morning,Tuesday,Unknown,Male,Junior High School,Employee,0-1,1,Station Wagon,Governmental,Unknown,No Defect,Office area,Divided Road,Flat Road,No junction,Asphalt roads,Dry,Daylight,Normal,Collision with animals,2,1,Going straight,Pedestrian,Female,Over 51,Slight,Driver,Normal,No distancing,Slight Injury
10:20:00,Morning,Tuesday,18-30,Male,Elementary School,Employee,2-5,3,Motorcycle,Owner,Unknown,No Defect,Residential area,Divided Road,Flat Road,No junction,Asphalt roads,Dry,Daylight,Normal,Vehicle with vehicle collision,2,1,Going straight,Passenger,Female,18-30,Slight,Driver,Normal,No priority to vehicle,Slight Injury
15:20:00,Afternoon,Wednesday,31-50,Male,Junior High School,Employee,5-10,4,Unknown,Owner,Unknown,No Defect,Office area,Divided Road,Flat Road,No junction,Asphalt roads,Dry,Daylight,Normal,Vehicle with vehicle collision,1,1,Going straight,Unspecified,Unknown,Unknown,No Injury,Driver,Normal,No distancing,Slight Injury
11:53:00,Morning,Saturday,18-30,Male,Elementary School,Employee,5-10,4,Other,Owner,2-5 years,Unknown,Other,Two Way (Undivided),Flat Road,No junction,Asphalt roads,Dry,Daylight,Normal,Vehicle with vehicle collision,1,1,Going straight,Pedestrian,Male,Over 51,Slight,Driver,Normal,No distancing,Slight Injury
6:46:00,Morning,Tuesday,18-30,Male,Junior High School,Owner,1-2,2,Automobile,Owner,2-5 years,Unknown,Industrial area,One Way,Unknown,Other,Asphalt roads,Dry,Daylight,Normal,Vehicle with vehicle collision,2,1,Other,Unspecified,Unknown,Unknown,No Injury,Driver,Unknown,Moving Backward,Slight Injury
6:46:00,Morning,Tuesday,31-50,Male,Junior High School,Employee,5-10,4,Automobile,Owner,Unknown,No Defect,Other,One Way,Flat Road,Other,Asphalt roads,Dry,Daylight,Normal,Rollover,2,1,Going straight,Pedestrian,Male,Under 18,Slight,Driver,Normal,Changing lane to the right,Slight Injury
1:10:00,Night,Wednesday,31-50,Male,Unknown,Other,No License,6,Unknown,Owner,Unknown,No Defect,Office area,Divided Road,Flat Road,Y Shape,Asphalt roads,Wet or damp,Darkness - lights lit,Normal,Collision with animals,2,1,Going straight,Pedestrian,Male,18-30,Slight,Driver,Unknown,No priority to pedestrian,Slight Injury
1:10:00,Night,Wednesday,Unknown,Male,High School,Employee,2-5,3,Public Transport,Governmental,Unknown,Unknown,Office area,Two Way (Divided - Broken Line),Flat Road,Y Shape,Asphalt roads,Wet or damp,Darkness - lights lit,Normal,Collision with animals,2,1,Going straight,Unspecified,Unknown,Unknown,No Injury,Driver,Unknown,Moving Backward,Slight Injury
8:50:00,Morning,Monday,0-17,Male,Junior High School,Employee,1-2,2,Automobile,Governmental,Unknown,No Defect,Unknown,Divided Road,Flat Road,O Shape,Asphalt roads,Wet or damp,Daylight,Raining,Vehicle with vehicle collision,2,1,Going straight,Driver or rider,Male,18-30,Slight,Driver,Unknown,Getting off the vehicle improperly,Slight Injury
8:50:00,Morning,Monday,Unknown,Male,Junior High School,Employee,5-10,4,Other,Owner,Unknown,Unknown,Other,Unknown,Flat Road,O Shape,Asphalt roads,Wet or damp,Daylight,Raining,Vehicle with vehicle collision,2,1,Going straight,Driver or rider,Male,18-30,Slight,Driver,Unknown,Overtaking,Slight Injury
12:38:00,Afternoon,Thursday,Unknown,Male,Junior High School,Employee,2-5,3,Automobile,Owner,Unknown,Unknown,Office area,Divided Road,Flat Road,Crossing,Asphalt roads,Dry,Daylight,Normal,Collision with animals,2,2,Going straight,Unspecified,Unknown,Unknown,No Injury,Driver,Unknown,Overloading,Slight Injury
12:38:00,Afternoon,Thursday,31-50,Male,Junior High School,Employee,No License,6,Other,Owner,Unknown,No Defect,Office area,Two Way (Divided - Broken Line),Flat Road,Crossing,Asphalt roads,Dry,Daylight,Normal,Collision with animals,2,2,Going straight,Pedestrian,Male,31-50,Slight,Driver,Normal,Changing lane to the right,Slight Injury
12:38:00,Afternoon,Thursday,31-50,Male,Junior High School,Employee,10-20,5,Lorry,Owner,5-10 years,Unknown,Office area,Two Way (Undivided),Flat Road,Crossing,Asphalt roads,Dry,Daylight,Normal,Collision with pedestrians,2,2,Other,Driver or rider,Male,18-30,Slight,Driver,Normal,Improper parking,Slight Injury
16:30:00,Afternoon,Thursday,31-50,Male,Junior High School,Employee,10-20,5,Other,Owner,Unknown,Unknown,Other,Two Way (Undivided),Flat Road,No junction,Asphalt roads,Wet or damp,Daylight,Raining,Vehicle with vehicle collision,2,2,Going straight,Unspecified,Unknown,Unknown,No Injury,Driver,Normal,Other,Fatal injury
16:30:00,Afternoon,Thursday,31-50,Male,Junior High School,Employee,5-10,4,Public Transport,Owner,Unknown,No Defect,Other,Two Way (Undivided),Flat Road,No junction,Asphalt roads,Wet or damp,Daylight,Raining,Vehicle with vehicle collision,2,2,Going straight,Pedestrian,Female,18-30,Slight,Driver,Normal,Changing lane to the left,Fatal injury
16:30:00,Afternoon,Thursday,51-100,Male,High School,Employee,2-5,3,Automobile,Owner,Unknown,No Defect,Recreational area,Two Way (Undivided),Flat Road,No junction,Asphalt roads,Wet or damp,Daylight,Raining,Collision with pedestrians,2,2,Going straight,Pedestrian,Male,Under 18,Slight,Driver,Normal,Changing lane to the right,Fatal injury
17:40:00,Evening,Wednesday,Unknown,Female,High School,Owner,2-5,3,Other,Owner,Unknown,No Defect,Church area,Two Way (Undivided),Flat Road,No junction,Gravel roads,Dry,Daylight,Unknown,Vehicle with vehicle collision,2,1,Going straight,Pedestrian,Female,Over 51,Slight,Driver,Normal,No priority to pedestrian,Slight Injury
17:40:00,Evening,Wednesday,18-30,Male,Junior High School,Employee,0-1,1,Automobile,Other,1-2 years,No Defect,Recreational area,Other,Flat Road,No junction,Asphalt roads,Dry,Daylight,Unknown,Collision with roadside objects,2,1,Going straight,Driver or rider,Male,31-50,Slight,Driver,Unknown,Overspeed,Slight Injury
5:50:00,Morning,Tuesday,31-50,Male,Junior High School,Owner,10-20,5,Lorry,Owner,5-10 years,No Defect,School area,Other,Flat Road,No junction,Asphalt roads,Wet or damp,Darkness - lights lit,Other,Vehicle with vehicle collision,2,1,Going straight,Unspecified,Unknown,Unknown,No Injury,Driver,Normal,Changing lane to the left,Serious Injury
5:50:00,Morning,Tuesday,Unknown,Female,Junior High School,Employee,10-20,5,Automobile,Owner,Unknown,No Defect,Church area,Divided Road,Flat Road,No junction,Asphalt roads,Wet or damp,Darkness - lights lit,Other,Vehicle with vehicle collision,2,1,Going straight,Pedestrian,Male,18-30,Slight,Driver,Unknown,No priority to vehicle,Serious Injury
6:53:00,Morning,Wednesday,51-100,Male,Elementary School,Employee,2-5,3,Lorry,Owner,5-10 years,Unknown,Office area,Unknown,Flat Road,Other,Asphalt roads,Wet or damp,Darkness - lights lit,Normal,Vehicle with vehicle collision,2,1,Going straight,Driver or rider,Male,18-30,Slight,Driver,Normal,Changing lane to the right,Fatal injury
6:53:00,Morning,Wednesday,18-30,Male,Junior High School,Employee,2-5,3,Lorry,Owner,2-5 years,Unknown,Residential area,One Way,Steep Downward,Other,Asphalt roads,Wet or damp,Darkness - lights lit,Normal,Rollover,2,1,Going straight,Unspecified,Unknown,Unknown,No Injury,Driver,Normal,No distancing,Fatal injury
9:59:00,Morning,Tuesday,51-100,Male,Unknown,Employee,10-20,5,Lorry,Owner,Unknown,No Defect,Other,One Way,Flat Road,No junction,Asphalt roads,Dry,Daylight,Cloudy,Vehicle with vehicle collision,2,1,Moving Backward,Driver or rider,Male,18-30,Slight,Driver,Normal,No priority to pedestrian,Slight Injury
9:59:00,Morning,Tuesday,Unknown,Male,Elementary School,Employee,5-10,4,Public Transport,Owner,Unknown,No Defect,Other,Two Way (Undivided),Flat Road,No junction,Asphalt roads,Dry,Daylight,Cloudy,Vehicle with vehicle collision,2,1,Going straight,Unspecified,Unknown,Unknown,No Injury,Driver,Unknown,No distancing,Slight Injury
14:30:00,Afternoon,Saturday,0-17,Male,Junior High School,Employee,0-1,1,Automobile,Governmental,1-2 years,No Defect,Industrial area,One Way,Flat Road,Crossing,Asphalt roads,Wet or damp,Daylight,Normal,Vehicle with vehicle collision,2,1,Going straight,Pedestrian,Male,18-30,Serious,Driver,Unknown,No priority to vehicle,Slight Injury
14:30:00,Afternoon,Saturday,18-30,Male,Elementary School,Employee,0-1,1,Other,Governmental,1-2 years,No Defect,Church area,Other,Steep Downward,Crossing,Asphalt roads,Wet or damp,Daylight,Normal,Collision with pedestrians,2,1,Going straight,Pedestrian,Male,Over 51,Slight,Driver,Normal,Other,Slight Injury
17:50:00,Evening,Thursday,18-30,Male,Junior High School,Employee,0-1,1,Other,Organization,1-2 years,No Defect,Office area,Other,Flat Road,Y Shape,Asphalt roads,Wet or damp,Darkness - lights lit,Other,Vehicle with vehicle collision,2,3,Going straight,Driver or rider,Female,31-50,Slight,Driver,Normal,Driving carelessly,Slight Injury
17:50:00,Evening,Thursday,31-50,Male,Junior High School,Employee,5-10,4,Other,Owner,Unknown,No Defect,Office area,Two Way (Undivided),Flat Road,Y Shape,Asphalt roads,Wet or damp,Darkness - lights lit,Other,Collision with roadside objects,2,3,Moving Backward,Unspecified,Unknown,Unknown,No Injury,Driver,Normal,Changing lane to the left,Slight Injury
17:50:00,Evening,Thursday,31-50,Male,Junior High School,Owner,5-10,4,Automobile,Owner,Unknown,Unknown,Office area,Divided Road,Flat Road,Y Shape,Asphalt roads,Wet or damp,Darkness - lights lit,Other,Vehicle with vehicle collision,2,3,Going straight,Pedestrian,Male,Over 51,Slight,Driver,Normal,Driving carelessly,Slight Injury
17:50:00,Evening,Thursday,31-50,Male,High School,Owner,5-10,4,Other,Owner,2-5 years,Unknown,Other,Two Way (Divided - Broken Line),Flat Road,Y Shape,Asphalt roads,Wet or damp,Darkness - lights lit,Other,Rollover,2,3,Other,Driver or rider,Female,31-50,Slight,Driver,Normal,Changing lane to the left,Slight Injury
19:08:00,Evening,Friday,18-30,Male,Junior High School,Employee,5-10,4,Lorry,Owner,Unknown,Unknown,Office area,Two Way (Undivided),Flat Road,No junction,Asphalt roads,Wet or damp,Darkness - lights lit,Normal,Vehicle with vehicle collision,1,1,Other,Unspecified,Unknown,Unknown,No Injury,Self-employed,Normal,No priority to vehicle,Slight Injury
13:11:00,Afternoon,Monday,51-100,Male,Junior High School,Employee,2-5,3,Public Transport,Owner,Unknown,No Defect,Other,Divided Road,Flat Road,No junction,Gravel roads,Dry,Daylight,Normal,Vehicle with vehicle collision,3,1,Going straight,Unspecified,Unknown,Unknown,No Injury,Self-employed,Normal,No distancing,Slight Injury
13:11:00,Afternoon,Monday,31-50,Male,Elementary School,Employee,5-10,4,Lorry,Owner,Above 10 years,No Defect,Industrial area,Two Way (Divided - Broken Line),Flat Road,No junction,Asphalt roads,Dry,Daylight,Normal,Vehicle with vehicle collision,3,1,Going straight,Driver or rider,Male,31-50,Slight,Driver,Unknown,Changing lane to the right,Slight Injury
13:11:00,Afternoon,Monday,Unknown,Male,Junior High School,Employee,2-5,3,Public Transport,Owner,Unknown,No Defect,Residential area,Other,Flat Road,No junction,Asphalt roads,Dry,Daylight,Normal,Vehicle with vehicle collision,3,1,Going straight,Pedestrian,Male,18-30,Slight,Driver,Unknown,Changing lane to the right,Slight Injury
12:43:00,Afternoon,Monday,18-30,Male,Junior High School,Employee,0-1,1,Lorry,Owner,Unknown,No Defect,Other,Two Way (Divided - Broken Line),Flat Road,T Shape,Asphalt roads,Dry,Daylight,Normal,Vehicle with vehicle collision,2,1,Going straight,Driver or rider,Male,31-50,Slight,Driver,Unknown,Driving at high speed,Slight Injury
12:43:00,Afternoon,Monday,0-17,Male,Elementary School,Employee,2-5,3,Other,Owner,5-10 years,Unknown,Other,One Way,Flat Road,T Shape,Asphalt roads,Dry,Daylight,Normal,Collision with roadside objects,2,1,Other,Unspecified,Unknown,Unknown,No Injury,Driver,Normal,No distancing,Slight Injury
8:49:00,Morning,Monday,31-50,Male,Junior High School,Employee,2-5,3,Lorry,Owner,1-2 years,No Defect,Other,One Way,Flat Road,No junction,Earth roads,Dry,Daylight,Unknown,Vehicle with vehicle collision,2,1,Going straight,Pedestrian,Male,18-30,Slight,Driver,Normal,Changing lane to the right,Slight Injury
8:49:00,Morning,Monday,Unknown,Male,Junior High School,Employee,2-5,3,Unknown,Owner,Unknown,Unknown,Other,Two Way (Undivided),Flat Road,No junction,Asphalt roads,Dry,Daylight,Unknown,Vehicle with vehicle collision,2,1,Getting off,Driver or rider,Male,31-50,Slight,Driver,Normal,Changing lane to the left,Slight Injury
18:27:00,Evening,Sunday,18-30,Male,Junior High School,Employee,5-10,4,Public Transport,Owner,Unknown,Unknown,Other,Two Way (Divided - Broken Line),Flat Road,No junction,Asphalt roads,Dry,Darkness - lights lit,Normal,Collision with roadside objects,1,1,Going straight,Unspecified,Unknown,Unknown,No Injury,Driver,Normal,Getting off the vehicle improperly,Slight Injury
11:00:00,Morning,Saturday,18-30,Male,Junior High School,Employee,5-10,4,Lorry,Governmental,Below 1 year,No Defect,Residential area,Other,Steep Downward,Crossing,Asphalt roads,Dry,Daylight,Normal,Collision with roadside objects,2,1,Going straight,Driver or rider,Male,18-30,Slight,Driver,Unknown,Other,Slight Injury
11:00:00,Morning,Saturday,0-17,Male,Junior High School,Employee,No License,6,Other,Owner,Unknown,No Defect,Office area,Two Way (Divided - Broken Line),Flat Road,Crossing,Gravel roads,Dry,Daylight,Normal,Vehicle with vehicle collision,2,1,Going straight,Unspecified,Unknown,Unknown,No Injury,Driver,Normal,Other,Slight Injury
12:30:00,Afternoon,Friday,Unknown,Male,Junior High School,Owner,5-10,4,Other,Owner,Unknown,Unknown,Office area,Two Way (Divided - Broken Line),Flat Road,No junction,Asphalt roads,Dry,Daylight,Normal,Vehicle with vehicle collision,2,2,Going straight,Unspecified,Unknown,Unknown,No Injury,Self-employed,Normal,No distancing,Slight Injury
12:30:00,Afternoon,Friday,0-17,Male,Junior High School,Employee,2-5,3,Automobile,Owner,Unknown,No Defect,Other,Two Way (Divided - Broken Line),Flat Road,No junction,Asphalt roads,Dry,Daylight,Normal,Vehicle with vehicle collision,2,2,Going straight,Driver or rider,Female,31-50,Slight,Driver,Normal,No priority to vehicle,Slight Injury
12:30:00,Afternoon,Friday,0-17,Male,Junior High School,Employee,0-1,1,Lorry,Owner,Above 10 years,No Defect,Other,One Way,Flat Road,No junction,Asphalt roads,Dry,Daylight,Normal,Vehicle with vehicle collision,2,2,Going straight,Driver or rider,Male,Over 51,Slight,Driver,Normal,Overtaking,Slight Injury
15:52:00,Afternoon,Saturday,31-50,Male,Junior High School,Employee,1-2,2,Other,Owner,Unknown,No Defect,Office area,Two Way (Divided - Broken Line),Flat Road,Y Shape,Earth roads,Dry,Daylight,Normal,Collision with roadside objects,1,1,Moving Backward,Unspecified,Unknown,Unknown,No Injury,Driver,Normal,No priority to pedestrian,Serious Injury
7:55:00,Morning,Monday,18-30,Male,Junior High School,Employee,0-1,1,Automobile,Owner,2-5 years,Unknown,Office area,Two Way (Undivided),Flat Road,Y Shape,Asphalt roads,Dry,Daylight,Normal,Vehicle with vehicle collision,2,2,Going straight,Unspecified,Unknown,Unknown,No Injury,Driver,Normal,No distancing,Slight Injury
7:55:00,Morning,Monday,31-50,Male,Junior High School,Employee,10-20,5,Unknown,Owner,Unknown,No Defect,Other,Two Way (Divided - Broken Line),Flat Road,Y Shape,Asphalt roads,Dry,Daylight,Normal,Vehicle with vehicle collision,2,2,Other,Driver or rider,Male,Over 51,Slight,Driver,Normal,Changing lane to the right,Slight Injury
7:55:00,Morning,Monday,31-50,Male,Junior High School,Employee,0-1,1,Other,Owner,Unknown,No Defect,Other,Two Way (Divided - Broken Line),Flat Road,Y Shape,Asphalt roads,Dry,Daylight,Normal,Vehicle with vehicle collision,2,2,Going straight,Pedestrian,Female,31-50,Serious,Driver,Normal,Driving carelessly,Slight Injury
18:10:00,Evening,Thursday,Unknown,Male,Junior High School,Employee,2-5,3,Automobile,Governmental,Unknown,Unknown,Residential area,Two Way (Divided - Broken Line),Flat Road,Other,Asphalt roads,Dry,Darkness - lights lit,Other,Vehicle with vehicle collision,1,1,Going straight,Driver or rider,Male,18-30,Slight,Driver,Normal,Changing lane to the right,Slight Injury