Time,Time_Period,Day_of_week,Age_band_of_driver,Sex_of_driver,Educational_level,Vehicle_driver_relation,Driving_experience,Exp_Order,Type_of_vehicle,Owner_of_vehicle,Service_year_of_vehicle,Defect_of_vehicle,Area_accident_occured,Lanes_or_Medians,Road_allignment,Types_of_Junction,Road_surface_type,Road_surface_conditions,Light_conditions,Weather_conditions,Type_of_collision,Number_of_vehicles_involved,Number_of_casualties,Vehicle_movement,Casualty_class,Sex_of_casualty,Age_band_of_casualty,Casualty_severity,Work_of_casuality,Fitness_of_casuality,Cause_of_accident,Accident_severity
7:59:00,Morning,Thursday,31-50,Male,Junior High School,Employee,2-5,3,Automobile,Governmental,Unknown,No Defect,Residential area,Two Way (Undivided),Flat Road,No junction,Asphalt roads,Wet or damp,Daylight,Normal,Vehicle with vehicle collision,4,1,Going straight,Unspecified,Unknown,Unknown,No Injury,Driver,Normal,Moving Backward,Slight Injury
17:10:00,Evening,Friday,18-30,Male,Junior High School,Employee,2-5,3,Automobile,Owner,Unknown,No Defect,Office area,One Way,Flat Road,Y Shape,Earth roads,Dry,Daylight,Normal,Collision with pedestrians,2,1,Going straight,Driver or rider,Male,Under 18,Slight,Driver,Normal,No priority to vehicle,Slight Injury
17:10:00,Evening,Friday,18-30,Male,Junior High School,Employee,5-10,4,Station Wagon,Owner,Unknown,No Defect,Office area,Two Way (Divided - Broken Line),Flat Road,Y Shape,Asphalt roads,Dry,Daylight,Normal,Vehicle with vehicle collision,2,1,Going straight,Driver or rider,Male,18-30,Serious,Driver,Normal,No priority to pedestrian,Slight Injury
20:05:00,Evening,Wednesday,0-17,Male,Junior High School,Employee,5-10,4,Lorry,Owner,Unknown,No Defect,Church area,Divided Road,Flat Road,No junction,Asphalt roads,Wet or damp,Darkness - lights lit,Normal,Vehicle with vehicle collision,2,1,Going straight,Unspecified,Unknown,Unknown,No Injury,Driver,Normal,Changing lane to the left,Slight Injury
20:05:00,Evening,Wednesday,31-50,Male,Junior High School,Employee,10-20,5,Lorry,Owner,Unknown,No Defect,Church area,Two Way (Undivided),Flat Road,No junction,Asphalt roads,Wet or damp,Darkness - lights lit,Normal,Vehicle with vehicle collision,2,1,Going straight,Driver or rider,Male,Under 18,Slight,Driver,Normal,Changing lane to the left,Slight Injury
17:30:00,Evening,Monday,18-30,Male,Elementary School,Employee,5-10,4,Lorry,Owner,Unknown,No Defect,Residential area,Two Way (Undivided),Flat Road,Unknown,Asphalt roads,Wet or damp,Daylight,Normal,Vehicle with vehicle collision,2,1,Going straight,Unspecified,Unknown,Unknown,No Injury,Driver,Normal,Driving under the influence of drugs,Slight Injury
17:30:00,Evening,Monday,18-30,Male,Junior High School,Employee,5-10,4,Public Transport,Owner,Unknown,No Defect,Other,Two Way (Undivided),Flat Road,Unknown,Earth roads,Wet or damp,Daylight,Normal,Collision with pedestrians,2,1,Going straight,Pedestrian,Female,18-30,Slight,Driver,Normal,Moving Backward,Slight Injury
11:36:00,Morning,Monday,18-30,Male,Junior High School,Employee,10-20,5,Public Transport,Owner,Unknown,Unknown,Other,Other,Flat Road,No junction,Asphalt roads,Dry,Daylight,Normal,Vehicle with vehicle collision,2,1,Going straight,Driver or rider,Male,18-30,Serious,Driver,Normal,Changing lane to the right,Serious Injury
11:36:00,Morning,Monday,0-17,Male,Elementary School,Owner,No License,6,Other,Owner,Unknown,No Defect,Unknown,Two Way (Undivided),Flat Road,No junction,Asphalt roads,Dry,Daylight,Normal,Vehicle with vehicle collision,2,1,Going straight,Unspecified,Unknown,Unknown,No Injury,Driver,Normal,Changing lane to the right,Serious Injury
16:12:00,Afternoon,Tuesday,18-30,Male,Junior High School,Owner,5-10,4,Public Transport,Owner,2-5 years,Unknown,Residential area,Two Way (Undivided),Flat Road,No junction,Earth roads,Dry,Daylight,Normal,Vehicle with vehicle collision,2,1,Other,Unspecified,Unknown,Unknown,No Injury,Driver,Normal,No distancing,Slight Injury
16:12:00,Afternoon,Tuesday,31-50,Male,Junior High School,Employee,5-10,4,Other,Owner,Unknown,Unknown,Office area,Two Way (Undivided),Flat Road,No junction,Asphalt roads,Dry,Daylight,Normal,Vehicle with vehicle collision,2,1,Moving Backward,Driver or rider,Male,18-30,Slight,Driver,Normal,Moving Backward,Slight Injury
13:43:00,Afternoon,Monday,51-100,Male,Junior High School,Employee,0-1,1,Public Transport,Owner,Unknown,Unknown,Residential area,Two Way (Undivided),Flat Road,Other,Asphalt roads,Dry,Daylight,Normal,Collision with roadside objects,2,1,Going straight,Unspecified,Unknown,Unknown,No Injury,Driver,Unknown,No distancing,Serious Injury
13:43:00,Afternoon,Monday,31-50,Male,Junior High School,Unknown,No License,6,Station Wagon,Owner,Unknown,No Defect,Other,Two Way (Divided - Broken Line),Flat Road,Other,Asphalt roads,Dry,Daylight,Normal,Vehicle with vehicle collision,2,1,Moving Backward,Driver or rider,Male,18-30,Slight,Driver,Unknown,Driving carelessly,Serious Injury
8:45:00,Morning,Wednesday,Unknown,Male,Junior High School,Employee,5-10,4,Automobile,Owner,Unknown,No Defect,Other,Two Way (Divided - Broken Line),Flat Road,No junction,Asphalt roads,Dry,Daylight,Normal,Vehicle with vehicle collision,1,1,Going straight,Pedestrian,Female,31-50,Slight,Driver,Normal,No priority to pedestrian,Slight Injury
12:45:00,Afternoon,Saturday,Unknown,Male,Junior High School,Employee,5-10,4,Lorry,Owner,Unknown,No Defect,Recreational area,Two Way (Divided - Broken Line),Flat Road,Y Shape,Asphalt roads,Dry,Daylight,Normal,Vehicle with vehicle collision,2,3,Moving Backward,Pedestrian,Male,Over 51,Serious,Driver,Normal,No priority to vehicle,Slight Injury
12:45:00,Afternoon,Saturday,31-50,Male,Junior High School,Employee,10-20,5,Special Vehicle,Owner,5-10 years,Unknown,Church area,One Way,Flat Road,Y Shape,Asphalt roads,Dry,Daylight,Normal,Vehicle with vehicle collision,2,3,Unknown,Driver or rider,Female,18-30,Slight,Driver,Normal,Moving Backward,Slight Injury
12:45:00,Afternoon,Saturday,31-50,Male,High School,Employee,10-20,5,Lorry,Owner,Unknown,Unknown,School area,Two Way (Divided - Broken Line),Flat Road,Y Shape,Asphalt roads,Dry,Daylight,Normal,Collision with roadside objects,2,3,Going straight,Unspecified,Unknown,Unknown,No Injury,Driver,Normal,Changing lane to the right,Slight Injury
12:45:00,Afternoon,Saturday,31-50,Male,Junior High School,Employee,10-20,5,Lorry,Owner,2-5 years,Unknown,Office area,Two Way (Undivided),Flat Road,Y Shape,Asphalt roads,Dry,Daylight,Normal,Vehicle with vehicle collision,2,3,Going straight,Unspecified,Unknown,Unknown,No Injury,Driver,Normal,No distancing,Slight Injury
10:15:00,Morning,Thursday,18-30,Male,Junior High School,Employee,10-20,5,Public Transport,Owner,1-2 years,Unknown,Other,Unknown,Flat Road,Y Shape,Asphalt roads,Dry,Daylight,Normal,Vehicle with vehicle collision,2,1,Going straight,Passenger,Female,18-30,Slight,Driver,Normal,Driving carelessly,Slight Injury
10:15:00,Morning,Thursday,31-50,Male,Junior High School,Employee,10-20,5,Automobile,Owner,5-10 years,Unknown,Residential area,Two Way (Undivided),Flat Road,Y Shape,Asphalt roads,Dry,Daylight,Normal,Vehicle with vehicle collision,2,1,Going straight,Passenger,Female,Under 18,Slight,Driver,Normal,Changing lane to the left,Slight Injury
13:38:00,Afternoon,Thursday,51-100,Male,Junior High School,Employee,10-20,5,Automobile,Owner,Above 10 years,Unknown,Other,Two Way (Undivided),Flat Road,No junction,Asphalt roads,Dry,Daylight,Normal,Vehicle with vehicle collision,1,1,Other,Driver or rider,Male,18-30,Slight,Self-employed,Normal,Moving Backward,Slight Injury
21:05:00,Night,Saturday,18-30,Male,Junior High School,Employee,5-10,4,Automobile,Owner,1-2 years,No Defect,Other,Other,Steep Downward,Y Shape,Asphalt roads,Dry,Darkness - lights lit,Normal,Vehicle with vehicle collision,1,1,Going straight,Pedestrian,Male,Unknown,Slight,Driver,Normal,No distancing,Serious Injury
15:41:00,Afternoon,Friday,31-50,Male,Junior High School,Employee,2-5,3,Public Transport,Owner,2-5 years,Unknown,Office area,One Way,Steep Downward,Y Shape,Asphalt roads with some distress,Dry,Daylight,Normal,Vehicle with vehicle collision,3,2,Moving Backward,Pedestrian,Male,31-50,Slight,Driver,Normal,Changing lane to the right,Slight Injury
15:41:00,Afternoon,Friday,31-50,Male,Junior High School,Employee,0-1,1,Lorry,Owner,Unknown,No Defect,Residential area,Two Way (Divided - Broken Line),Flat Road,Y Shape,Asphalt roads,Dry,Daylight,Normal,Vehicle with vehicle collision,3,2,Moving Backward,Passenger,Female,31-50,Slight,Self-employed,Unknown,No priority to vehicle,Slight Injury
15:41:00,Afternoon,Friday,Unknown,Male,Junior High School,Employee,0-1,1,Other,Owner,Unknown,No Defect,Other,Two Way (Divided - Broken Line),Flat Road,Y Shape,Asphalt roads,Dry,Daylight,Normal,Vehicle with vehicle collision,3,2,Moving Backward,Passenger,Female,31-50,Slight,Driver,Normal,Getting off the vehicle improperly,Slight Injury
8:39:00,Morning,Friday,18-30,Male,Junior High School,Employee,2-5,3,Lorry,Organization,2-5 years,Unknown,Residential area,Two Way (Undivided),Flat Road,No junction,Asphalt roads,Dry,Daylight,Normal,Vehicle with vehicle collision,2,2,Going straight,Driver or rider,Male,18-30,Slight,Driver,Normal,No distancing,Slight Injury
8:39:00,Morning,Friday,18-30,Male,Elementary School,Employee,0-1,1,Other,Owner,Unknown,No Defect,Church area,Two Way (Divided - Broken Line),Flat Road,No junction,Asphalt roads,Dry,Daylight,Normal,Vehicle with vehicle collision,2,2,Going straight,Pedestrian,Male,18-30,Slight,Other,Normal,No distancing,Slight Injury
8:39:00,Morning,Friday,Unknown,Male,Junior High School,Employee,0-1,1,Special Vehicle,Governmental,Unknown,No Defect,Residential area,Two Way (Divided - Broken Line),Flat Road,No junction,Asphalt roads,Dry,Daylight,Normal,Vehicle with vehicle collision,2,2,Going straight,Driver or rider,Male,18-30,Slight,Driver,Normal,Changing lane to the left,Slight Injury
22:00:00,Night,Monday,18-30,Male,Junior High School,Employee,No License,6,Lorry,Owner,Unknown,No Defect,Office area,One Way,Flat Road,No junction,Asphalt roads,Wet or damp,Darkness - lights lit,Normal,Collision with roadside objects,2,1,Going straight,Unspecified,Unknown,Unknown,No Injury,Self-employed,Normal,No priority to vehicle,Slight Injury
22:00:00,Night,Monday,Unknown,Female,Junior High School,Employee,5-10,4,Unknown,Governmental,Below 1 year,No Defect,Residential area,Two Way (Divided - Broken Line),Flat Road,No junction,Asphalt roads,Wet or damp,Darkness - lights lit,Normal,Collision with roadside objects,2,1,Other,Driver or rider,Male,31-50,Slight,Driver,Normal,Driving carelessly,Slight Injury
14:35:00,Afternoon,Wednesday,18-30,Male,Writing & Reading,Employee,0-1,1,Unknown,Owner,Unknown,No Defect,Other,One Way,Flat Road,Other,Asphalt roads,Dry,Daylight,Normal,Collision with roadside objects,2,2,Going straight,Passenger,Male,Over 51,Slight,Driver,Unknown,Changing lane to the right,Serious Injury
14:35:00,Afternoon,Wednesday,18-30,Male,Junior High School,Employee,0-1,1,Lorry,Owner,Unknown,Unknown,Industrial area,Two Way (Divided - Broken Line),Flat Road,Other,Asphalt roads,Dry,Daylight,Normal,Collision with pedestrians,2,2,Going straight,Driver or rider,Female,Under 18,Slight,Driver,Normal,No distancing,Serious Injury
14:35:00,Afternoon,Wednesday,18-30,Male,Junior High School,Employee,1-2,2,Other,Owner,Unknown,Unknown,Church area,Two Way (Divided - Broken Line),Flat Road,Other,Asphalt roads,Dry,Daylight,Normal,Vehicle with vehicle collision,2,2,Going straight,Unspecified,Unknown,Unknown,No Injury,Driver,Normal,Changing lane to the right,Serious Injury
11:50:00,Morning,Friday,Unknown,Male,Elementary School,Employee,10-20,5,Other,Owner,2-5 years,No Defect,Residential area,Two Way (Undivided),Steep Downward,No junction,Asphalt roads,Dry,Daylight,Unknown,Vehicle with vehicle collision,2,2,Reversing,Driver or rider,Female,Unknown,Slight,Driver,Unknown,No distancing,Slight Injury
11:50:00,Morning,Friday,31-50,Male,Elementary School,Employee,10-20,5,Automobile,Owner,Unknown,Unknown,Unknown,Two Way (Divided - Broken Line),Flat Road,No junction,Asphalt roads,Dry,Daylight,Unknown,Collision with pedestrians,2,2,Moving Backward,Driver or rider,Female,Under 18,Slight,Driver,Unknown,Driving under the influence of drugs,Slight Injury
11:50:00,Morning,Friday,31-50,Male,Elementary School,Employee,0-1,1,Other,Owner,Unknown,Unknown,Unknown,Two Way (Divided - Broken Line),Flat Road,No junction,Asphalt roads,Dry,Daylight,Unknown,Vehicle with vehicle collision,2,2,Going straight,Driver or rider,Male,31-50,Slight,Driver,Normal,Changing lane to the left,Slight Injury
8:29:00,Morning,Wednesday,18-30,Male,High School,Employee,2-5,3,Automobile,Owner,1-2 years,No Defect,Office area,Two Way (Undivided),Flat Road,Y Shape,Asphalt roads,Dry,Daylight,Normal,Vehicle with vehicle collision,3,3,Going straight,Unspecified,Unknown,Unknown,No Injury,Driver,Normal,Getting off the vehicle improperly,Slight Injury
8:29:00,Morning,Wednesday,18-30,Male,Junior High School,Employee,2-5,3,Public Transport,Owner,Above 10 years,No Defect,Outside rural area,Two Way (Divided - Broken Line),Mountainous Terrain,Y Shape,Asphalt roads,Dry,Daylight,Normal,Vehicle with vehicle collision,3,3,Reversing,Driver or rider,Male,18-30,Slight,Driver,Normal,Overloading,Slight Injury
8:29:00,Morning,Wednesday,18-30,Male,Above High School,Employee,10-20,5,Lorry,Owner,Above 10 years,No Defect,Church area,Two Way (Divided - Broken Line),Steep Downward,Y Shape,Asphalt roads,Dry,Daylight,Normal,Vehicle with vehicle collision,3,3,Going straight,Pedestrian,Female,18-30,Slight,Student,Unknown,Driving carelessly,Slight Injury
8:29:00,Morning,Wednesday,31-50,Male,Junior High School,Employee,2-5,3,Unknown,Owner,Unknown,No Defect,Office area,Other,Mountainous Terrain,Y Shape,Asphalt roads,Dry,Daylight,Normal,Vehicle with vehicle collision,3,3,Reversing,Driver or rider,Male,18-30,Slight,Driver,Unknown,Overtaking,Slight Injury
1:20:00,Night,Monday,0-17,Male,Junior High School,Employee,2-5,3,Automobile,Owner,Above 10 years,Unknown,Church area,Two Way (Divided - Broken Line),Steep Downward,No junction,Asphalt roads,Wet or damp,Darkness - lights lit,Raining,Vehicle with vehicle collision,2,1,Other,Unspecified,Unknown,Unknown,No Injury,Driver,Normal,No distancing,Slight Injury
1:20:00,Night,Monday,31-50,Male,High School,Employee,1-2,2,Unknown,Owner,Unknown,Unknown,Office area,Other,Mountainous Terrain,No junction,Asphalt roads,Wet or damp,Darkness - lights lit,Raining,Collision with roadside objects,2,1,Unknown,Driver or rider,Male,18-30,Slight,Driver,Normal,Overturning,Slight Injury
21:20:00,Night,Wednesday,18-30,Male,Junior High School,Employee,5-10,4,Lorry,Governmental,Unknown,No Defect,Office area,Two Way (Undivided),Flat Road,Crossing,Gravel roads,Dry,Darkness - lights lit,Normal,Collision with pedestrians,2,1,Going straight,Unspecified,Unknown,Unknown,No Injury,Driver,Normal,Driving carelessly,Serious Injury
21:20:00,Night,Wednesday,0-17,Male,Junior High School,Employee,0-1,1,Unknown,Owner,1-2 years,No Defect,School area,Two Way (Divided - Broken Line),Flat Road,Crossing,Asphalt roads,Dry,Darkness - lights lit,Normal,Vehicle with vehicle collision,2,1,Going straight,Pedestrian,Male,18-30,Serious,Driver,Unknown,No priority to pedestrian,Serious Injury
17:48:00,Evening,Thursday,18-30,Male,Junior High School,Employee,0-1,1,Lorry,Owner,Below 1 year,No Defect,Residential area,Two Way (Divided - Broken Line),Flat Road,No junction,Asphalt roads,Dry,Daylight,Normal,Vehicle with vehicle collision,2,1,Going straight,Driver or rider,Male,18-30,Slight,Driver,Unknown,No distancing,Slight Injury
17:48:00,Evening,Thursday,18-30,Male,Elementary School,Employee,No License,6,Taxi,Owner,Unknown,No Defect,Office area,Other,Mountainous Terrain,No junction,Asphalt roads,Dry,Daylight,Normal,Collision with roadside objects,2,1,Going straight,Unspecified,Unknown,Unknown,No Injury,Driver,Unknown,No priority to vehicle,Slight Injury
16:30:00,Afternoon,Tuesday,31-50,Male,Junior High School,Employee,0-1,1,Lorry,Owner,Unknown,No Defect,Office area,Other,Flat Road,Y Shape,Asphalt roads,Wet or damp,Daylight,Normal,Vehicle with vehicle collision,2,1,Going straight,Driver or rider,Male,18-30,Slight,Driver,Unknown,Getting off the vehicle improperly,Slight Injury
16:30:00,Afternoon,Tuesday,51-100,Male,Junior High School,Employee,1-2,2,Lorry,Owner,Unknown,No Defect,Other,Two Way (Divided - Broken Line),Flat Road,Y Shape,Asphalt roads,Wet or damp,Daylight,Normal,Vehicle with vehicle collision,2,1,Going straight,Driver or rider,Male,18-30,Slight,Driver,Normal,No priority to pedestrian,Slight Injury
14:26:00,Afternoon,Friday,18-30,Male,Elementary School,Employee,2-5,3,Other,Owner,Unknown,No Defect,Residential area,Two Way (Undivided),Flat Road,No junction,Asphalt roads,Dry,Daylight,Normal,Vehicle with vehicle collision,2,2,Going straight,Pedestrian,Female,31-50,Serious,Driver,Normal,Changing lane to the right,Slight Injury
14:26:00,Afternoon,Friday,31-50,Male,High School,Employee,1-2,2,Station Wagon,Owner,Unknown,No Defect,Office area,Two Way (Undivided),Flat Road,No junction,Asphalt roads,Dry,Daylight,Normal,Vehicle with vehicle collision,2,2,Going straight,Passenger,Female,31-50,Slight,Driver,Normal,Moving Backward,Slight Injury
14:26:00,Afternoon,Friday,31-50,Male,Junior High School,Employee,5-10,4,Station Wagon,Owner,Unknown,No Defect,Office area,Two Way (Undivided),Flat Road,No junction,Asphalt roads,Dry,Daylight,Normal,Vehicle with vehicle collision,2,2,Going straight,Passenger,Male,18-30,Slight,Driver,Normal,Changing lane to the left,Slight Injury
18:25:00,Evening,Tuesday,31-50,Male,Junior High School,Employee,0-1,1,Lorry,Owner,Unknown,No Defect,Residential area,Two Way (Undivided),Flat Road,No junction,Asphalt roads,Wet or damp,Daylight,Raining,Vehicle with vehicle collision,1,1,Going straight,Driver or rider,Male,18-30,Slight,Other,Normal,No distancing,Slight Injury
17:30:00,Evening,Thursday,Unknown,Male,High School,Employee,10-20,5,Lorry,Owner,Unknown,No Defect,Office area,Two Way (Undivided),Flat Road,No junction,Asphalt roads,Dry,Daylight,Normal,Vehicle with vehicle collision,2,1,Going straight,Passenger,Female,18-30,Slight,Driver,Unknown,Driving carelessly,Serious Injury
17:30:00,Evening,Thursday,0-17,Male,Elementary School,Owner,5-10,4,Other,Owner,Unknown,No Defect,Office area,Two Way (Undivided),Flat Road,No junction,Asphalt roads,Dry,Daylight,Normal,Vehicle with vehicle collision,2,1,Going straight,Unspecified,Unknown,Unknown,No Injury,Driver,Normal,Driving under the influence of drugs,Serious Injury
11:16:00,Morning,Thursday,Unknown,Female,Elementary School,Employee,0-1,1,Automobile,Owner,Unknown,No Defect,Office area,Unknown,Flat Road,No junction,Asphalt roads,Dry,Daylight,Normal,Collision with roadside objects,1,1,Going straight,Driver or rider,Male,18-30,Slight,Driver,Normal,Driving carelessly,Slight Injury
21:08:00,Night,Saturday,51-100,Male,Junior High School,Employee,5-10,4,Unknown,Owner,Unknown,No Defect,Office area,Two Way (Divided - Broken Line),Flat Road,Crossing,Asphalt roads,Wet or damp,Darkness - lights lit,Other,Collision with roadside objects,2,1,Going straight,Unspecified,Unknown,Unknown,No Injury,Driver,Normal,Driving carelessly,Slight Injury
21:08:00,Night,Saturday,31-50,Male,Elementary School,Owner,5-10,4,Taxi,Owner,Unknown,No Defect,Other,Two Way (Undivided),Flat Road,Crossing,Asphalt roads,Wet or damp,Darkness - lights lit,Other,Collision with roadside objects,2,1,Going straight,Driver or rider,Male,31-50,Slight,Unemployed,Normal,Changing lane to the right,Slight Injury
1:44:00,Night,Saturday,0-17,Male,Junior High School,Employee,2-5,3,Lorry,Owner,Unknown,No Defect,Other,Two Way (Divided - Broken Line),Flat Road,No junction,Gravel roads,Wet or damp,Darkness - lights lit,Raining,Vehicle with vehicle collision,1,1,Moving Backward,Unspecified,Unknown,Unknown,No Injury,Driver,Normal,No distancing,Slight Injury
8:53:00,Morning,Wednesday,31-50,Male,Junior High School,Employee,10-20,5,Other,Owner,2-5 years,Unknown,Other,Two Way (Divided - Broken Line),Flat Road,No junction,Asphalt roads,Dry,Daylight,Normal,Collision with pedestrians,1,1,Going straight,Passenger,Female,Under 18,Slight,Driver,Normal,Driving carelessly,Serious Injury
10:10:00,Morning,Saturday,51-100,Male,Junior High School,Employee,5-10,4,Automobile,Owner,2-5 years,Unknown,Residential area,One Way,Flat Road,Y Shape,Asphalt roads,Dry,Daylight,Normal,Vehicle with vehicle collision,2,1,Going straight,Passenger,Male,Under 18,Slight,Driver,Normal,No priority to pedestrian,Slight Injury
10:10:00,Morning,Saturday,18-30,Male,High School,Employee,1-2,2,Public Transport,Owner,2-5 years,Unknown,School area,Two Way (Undivided),Flat Road,Y Shape,Asphalt roads,Dry,Daylight,Normal,Collision with pedestrians,2,1,Going straight,Passenger,Female,Under 18,Slight,Driver,Normal,No distancing,Slight Injury
17:15:00,Evening,Tuesday,31-50,Male,Elementary School,Owner,No License,6,Station Wagon,Owner,2-5 years,Unknown,Residential area,Two Way (Undivided),Flat Road,Other,Asphalt roads,Dry,Daylight,Unknown,Vehicle with vehicle collision,2,1,Going straight,Unspecified,Unknown,Unknown,No Injury,Employee,Normal,Moving Backward,Slight Injury
17:15:00,Evening,Tuesday,18-30,Male,Junior High School,Owner,5-10,4,Automobile,Owner,2-5 years,No Defect,Office area,Two Way (Divided - Broken Line),Flat Road,Other,Earth roads,Dry,Daylight,Unknown,Collision with pedestrians,2,1,Going straight,Driver or rider,Male,18-30,Slight,Driver,Normal,Moving Backward,Slight Injury
11:35:00,Morning,Wednesday,Unknown,Male,Junior High School,Employee,5-10,4,Lorry,Owner,Unknown,No Defect,Church area,One Way,Flat Road,Crossing,Asphalt roads,Dry,Daylight,Normal,Vehicle with vehicle collision,2,1,Reversing,Unspecified,Unknown,Unknown,No Injury,Self-employed,Normal,No priority to vehicle,Slight Injury
11:35:00,Morning,Wednesday,31-50,Male,Junior High School,Employee,0-1,1,Other,Owner,Unknown,No Defect,Other,Two Way (Undivided),Flat Road,Crossing,Asphalt roads,Dry,Daylight,Normal,Vehicle with vehicle collision,2,1,Going straight,Passenger,Male,18-30,Slight,Driver,Normal,No distancing,Slight Injury
13:35:00,Afternoon,Tuesday,51-100,Male,Junior High School,Unknown,No License,6,Public Transport,Owner,2-5 years,No Defect,Other,One Way,Flat Road,No junction,Asphalt roads,Dry,Daylight,Normal,Vehicle with vehicle collision,2,5,Going straight,Passenger,Male,18-30,Slight,Driver,Unknown,Moving Backward,Slight Injury
13:35:00,Afternoon,Tuesday,31-50,Male,Junior High School,Employee,5-10,4,Other,Owner,5-10 years,No Defect,Other,Two Way (Divided - Broken Line),Flat Road,No junction,Gravel roads,Dry,Daylight,Normal,Vehicle with vehicle collision,2,5,Other,Passenger,Male,18-30,Slight,Driver,Normal,Changing lane to the right,Slight Injury
13:35:00,Afternoon,Tuesday,31-50,Male,Junior High School,Employee,5-10,4,Other,Owner,Unknown,No Defect,Other,Two Way (Divided - Broken Line),Flat Road,No junction,Asphalt roads,Dry,Daylight,Normal,Vehicle with vehicle collision,2,5,Entering a junction,Passenger,Male,18-30,Slight,Driver,Unknown,Moving Backward,Slight Injury
13:35:00,Afternoon,Tuesday,31-50,Male,Junior High School,Employee,10-20,5,Animal Transport,Owner,Unknown,No Defect,Office area,Two Way (Undivided),Flat Road,No junction,Asphalt roads,Dry,Daylight,Normal,Vehicle with vehicle collision,2,5,Turnover,Driver or rider,Male,18-30,Slight,Driver,Unknown,Changing lane to the right,Slight Injury
13:35:00,Afternoon,Tuesday,31-50,Male,High School,Employee,10-20,5,Lorry,Owner,Unknown,No Defect,Office area,Two Way (Divided - Solid Line),Flat Road,No junction,Asphalt roads,Dry,Daylight,Normal,Vehicle with vehicle collision,2,5,Going straight,Unspecified,Unknown,Unknown,No Injury,Driver,Normal,Driving carelessly,Slight Injury
12:00:00,Afternoon,Tuesday,Unknown,Female,Junior High School,Employee,10-20,5,Lorry,Owner,Unknown,No Defect,Residential area,Two Way (Undivided),Flat Road,Y Shape,Earth roads,Dry,Daylight,Normal,Vehicle with vehicle collision,2,2,Going straight,Pedestrian,Male,31-50,Slight,Driver,Normal,Changing lane to the right,Slight Injury
12:00:00,Afternoon,Tuesday,18-30,Male,Junior High School,Employee,10-20,5,Other,Owner,Unknown,No Defect,Office area,One Way,Flat Road,Y Shape,Asphalt roads,Dry,Daylight,Normal,Vehicle with vehicle collision,2,2,Going straight,Pedestrian,Male,31-50,Slight,Driver,Normal,No distancing,Slight Injury
12:00:00,Afternoon,Tuesday,18-30,Male,Junior High School,Employee,10-20,5,Lorry,Owner,Unknown,No Defect,Residential area,Two Way (Divided - Broken Line),Flat Road,Y Shape,Asphalt roads,Dry,Daylight,Normal,Vehicle with vehicle collision,2,2,Going straight,Driver or rider,Male,31-50,Slight,Driver,Normal,Moving Backward,Slight Injury
17:12:00,Evening,Wednesday,31-50,Male,Junior High School,Employee,10-20,5,Automobile,Owner,Unknown,No Defect,Office area,Two Way (Undivided),Flat Road,Crossing,Asphalt roads,Dry,Daylight,Normal,Vehicle with vehicle collision,2,1,Going straight,Unspecified,Unknown,Unknown,No Injury,Driver,Normal,Driving carelessly,Slight Injury
17:12:00,Evening,Wednesday,31-50,Male,Junior High School,Employee,5-10,4,Automobile,Owner,Unknown,No Defect,Other,Two Way (Divided - Broken Line),Flat Road,Crossing,Asphalt roads,Dry,Daylight,Normal,Vehicle with vehicle collision,2,1,Going straight,Driver or rider,Male,31-50,Slight,Driver,Normal,No distancing,Slight Injury
19:55:00,Evening,Monday,0-17,Male,Junior High School,Employee,2-5,3,Other,Owner,Unknown,No Defect,Office area,One Way,Flat Road,Y Shape,Asphalt roads,Dry,Daylight,Normal,Rollover,2,2,Going straight,Unspecified,Unknown,Unknown,No Injury,Driver,Normal,No priority to vehicle,Slight Injury
19:55:00,Evening,Monday,18-30,Male,Junior High School,Employee,0-1,1,Automobile,Owner,Unknown,No Defect,School area,Two Way (Undivided),Flat Road,Y Shape,Earth roads,Dry,Daylight,Normal,Collision with roadside objects,2,2,Going straight,Driver or rider,Male,18-30,Slight,Driver,Normal,Changing lane to the right,Slight Injury
19:55:00,Evening,Monday,18-30,Male,Junior High School,Employee,0-1,1,Other,Owner,Unknown,Unknown,Residential area,One Way,Flat Road,Y Shape,Asphalt roads,Dry,Daylight,Normal,Vehicle with vehicle collision,2,2,Getting off,Unspecified,Unknown,Unknown,No Injury,Employee,Normal,Moving Backward,Slight Injury
8:30:00,Morning,Wednesday,Unknown,Male,Junior High School,Employee,2-5,3,Lorry,Owner,Unknown,Unknown,Office area,Two Way (Undivided),Flat Road,Other,Asphalt roads,Wet or damp,Daylight,Other,Vehicle with vehicle collision,2,2,Getting off,Driver or rider,Male,18-30,Slight,Driver,Normal,Driving under the influence of drugs,Slight Injury
8:30:00,Morning,Wednesday,18-30,Male,Elementary School,Employee,0-1,1,Public Transport,Owner,Unknown,No Defect,Residential area,Two Way (Undivided),Flat Road,Other,Asphalt roads,Wet or damp,Daylight,Other,Vehicle with vehicle collision,2,2,Getting off,Unspecified,Unknown,Unknown,No Injury,Driver,Unknown,Changing lane to the right,Slight Injury
8:30:00,Morning,Wednesday,18-30,Male,Junior High School,Employee,0-1,1,Other,Owner,Above 10 years,Unknown,Office area,Two Way (Undivided),Flat Road,Other,Asphalt roads,Wet or damp,Daylight,Other,Collision with pedestrians,2,2,Moving Backward,Driver or rider,Male,31-50,Serious,Driver,Normal,No priority to vehicle,Slight Injury