Time,Time_Period,Day_of_week,Age_band_of_driver,Sex_of_driver,Educational_level,Vehicle_driver_relation,Driving_experience,Exp_Order,Type_of_vehicle,Owner_of_vehicle,Service_year_of_vehicle,Defect_of_vehicle,Area_accident_occured,Lanes_or_Medians,Road_allignment,Types_of_Junction,Road_surface_type,Road_surface_conditions,Light_conditions,Weather_conditions,Type_of_collision,Number_of_vehicles_involved,Number_of_casualties,Vehicle_movement,Casualty_class,Sex_of_casualty,Age_band_of_casualty,Casualty_severity,Work_of_casuality,Fitness_of_casuality,Cause_of_accident,Accident_severity
16:16:00,Afternoon,Tuesday,31-50,Male,Junior High School,Owner,No License,6,Station Wagon,Owner,Unknown,Unknown,Office area,Unknown,Flat Road,No junction,Asphalt roads,Wet or damp,Daylight,Raining,Collision with roadside objects,2,2,Entering a junction,Pedestrian,Female,31-50,Slight,Driver,Normal,Changing lane to the right,Slight Injury
7:41:00,Morning,Tuesday,18-30,Male,Junior High School,Owner,5-10,4,Unknown,Owner,Unknown,Unknown,Other,Two Way (Divided - Broken Line),Flat Road,Y Shape,Asphalt roads,Dry,Daylight,Normal,Vehicle with vehicle collision,2,1,Entering a junction,Driver or rider,Male,Over 51,Slight,Driver,Normal,Driving carelessly,Slight Injury
7:41:00,Morning,Tuesday,31-50,Male,Junior High School,Owner,0-1,1,Other,Governmental,Unknown,No Defect,Residential area,Divided Road,Flat Road,Y Shape,Asphalt roads,Dry,Daylight,Normal,Vehicle with vehicle collision,2,1,Entering a junction,Unspecified,Unknown,Unknown,No Injury,Driver,Normal,Changing lane to the left,Slight Injury
16:12:00,Afternoon,Saturday,31-50,Male,Junior High School,Owner,2-5,3,Special Vehicle,Owner,Unknown,Unknown,Office area,Two Way (Divided - Broken Line),Flat Road,No junction,Asphalt roads,Dry,Daylight,Normal,Collision with roadside objects,3,2,Other,Passenger,Male,Under 18,Slight,Driver,Unknown,No distancing,Slight Injury
16:12:00,Afternoon,Saturday,31-50,Male,Elementary School,Employee,2-5,3,Lorry,Owner,Unknown,Unknown,Office area,Two Way (Undivided),Flat Road,No junction,Asphalt roads,Dry,Daylight,Normal,Vehicle with vehicle collision,3,2,Entering a junction,Unspecified,Unknown,Unknown,No Injury,Driver,Unknown,Changing lane to the right,Slight Injury
16:12:00,Afternoon,Saturday,31-50,Male,Junior High School,Employee,2-5,3,Other,Owner,Below 1 year,Unknown,Office area,Two Way (Divided - Broken Line),Flat Road,No junction,Asphalt roads,Dry,Daylight,Normal,Vehicle with vehicle collision,3,2,Turnover,Pedestrian,Female,Over 51,Slight,Driver,Normal,Driving under the influence of drugs,Slight Injury
16:12:00,Afternoon,Saturday,Unknown,Male,Junior High School,Employee,2-5,3,Lorry,Organization,1-2 years,Unknown,Church area,Unknown,Flat Road,No junction,Asphalt roads,Dry,Daylight,Normal,Vehicle with vehicle collision,3,2,Entering a junction,Pedestrian,Male,18-30,Slight,Driver,Normal,No distancing,Slight Injury
15:40:00,Afternoon,Tuesday,31-50,Male,Junior High School,Employee,5-10,4,Lorry,Owner,Unknown,Unknown,Office area,Two Way (Divided - Broken Line),Flat Road,Crossing,Asphalt roads,Dry,Daylight,Normal,Vehicle with vehicle collision,1,1,Entering a junction,Driver or rider,Male,31-50,Slight,Self-employed,Normal,Overturning,Serious Injury
18:59:00,Evening,Monday,18-30,Male,Junior High School,Employee,5-10,4,Motorcycle,Owner,1-2 years,Unknown,Office area,Two Way (Divided - Broken Line),Flat Road,No junction,Asphalt roads,Wet or damp,Daylight,Raining,Vehicle with vehicle collision,2,1,Entering a junction,Driver or rider,Male,18-30,Slight,Employee,Normal,No distancing,Slight Injury
18:59:00,Evening,Monday,18-30,Male,Junior High School,Employee,10-20,5,Automobile,Owner,Unknown,Unknown,Office area,Two Way (Divided - Broken Line),Flat Road,No junction,Asphalt roads,Wet or damp,Daylight,Raining,Vehicle with vehicle collision,2,1,Entering a junction,Driver or rider,Male,18-30,Slight,Driver,Normal,Changing lane to the right,Slight Injury
7:25:00,Morning,Friday,31-50,Male,Elementary School,Employee,5-10,4,Automobile,Owner,5-10 years,No Defect,Office area,Two Way (Divided - Broken Line),Flat Road,O Shape,Asphalt roads,Dry,Daylight,Normal,Collision with pedestrians,2,1,Entering a junction,Unspecified,Unknown,Unknown,No Injury,Other,Normal,No priority to vehicle,Slight Injury
7:25:00,Morning,Friday,Unknown,Male,Junior High School,Employee,5-10,4,Automobile,Owner,Unknown,No Defect,Other,Two Way (Divided - Broken Line),Flat Road,O Shape,Asphalt roads,Dry,Daylight,Normal,Vehicle with vehicle collision,2,1,Other,Pedestrian,Male,18-30,Slight,Self-employed,Normal,Changing lane to the right,Slight Injury
13:22:00,Afternoon,Monday,0-17,Male,Junior High School,Employee,10-20,5,Station Wagon,Owner,Unknown,No Defect,Residential area,Divided Road,Flat Road,Y Shape,Asphalt roads,Dry,Daylight,Normal,Collision with roadside objects,2,1,Going straight,Passenger,Female,Over 51,Slight,Self-employed,Normal,Changing lane to the left,Slight Injury
13:22:00,Afternoon,Monday,51-100,Male,Elementary School,Owner,No License,6,Unknown,Owner,Unknown,No Defect,Church area,Two Way (Undivided),Flat Road,Y Shape,Asphalt roads,Dry,Daylight,Normal,Vehicle with vehicle collision,2,1,Going straight,Unspecified,Unknown,Unknown,No Injury,Employee,Normal,No distancing,Slight Injury
11:10:00,Morning,Thursday,Unknown,Male,Junior High School,Owner,5-10,4,Public Transport,Owner,Unknown,No Defect,Other,Two Way (Divided - Broken Line),Flat Road,Crossing,Asphalt roads,Dry,Daylight,Normal,Vehicle with vehicle collision,4,1,Other,Unspecified,Unknown,Unknown,No Injury,Self-employed,Unknown,No priority to pedestrian,Slight Injury
11:10:00,Morning,Thursday,Unknown,Male,Junior High School,Employee,5-10,4,Public Transport,Owner,Unknown,No Defect,Recreational area,Two Way (Divided - Broken Line),Flat Road,Crossing,Asphalt roads,Dry,Daylight,Normal,Vehicle with vehicle collision,4,1,Going straight,Driver or rider,Male,18-30,Serious,Driver,Normal,Driving carelessly,Slight Injury
11:10:00,Morning,Thursday,Unknown,Male,Junior High School,Employee,0-1,1,Station Wagon,Owner,Unknown,Unknown,Unknown,Unknown,Flat Road,Crossing,Asphalt roads,Dry,Daylight,Normal,Vehicle with vehicle collision,4,1,Going straight,Pedestrian,Female,31-50,Slight,Driver,Normal,No distancing,Slight Injury
11:10:00,Morning,Thursday,31-50,Male,Junior High School,Unknown,No License,6,Automobile,Owner,Unknown,No Defect,Industrial area,Two Way (Undivided),Flat Road,Crossing,Asphalt roads,Dry,Daylight,Normal,Vehicle with vehicle collision,4,1,Going straight,Driver or rider,Male,18-30,Slight,Driver,Normal,Driving carelessly,Slight Injury
7:55:00,Morning,Tuesday,18-30,Male,Junior High School,Employee,5-10,4,Bicycle,Owner,Unknown,No Defect,Other,Two Way (Divided - Broken Line),Flat Road,Y Shape,Asphalt roads,Dry,Daylight,Normal,Vehicle with vehicle collision,2,1,Going straight,Unspecified,Unknown,Unknown,No Injury,Driver,Normal,Driving carelessly,Slight Injury
7:55:00,Morning,Tuesday,31-50,Male,Junior High School,Employee,5-10,4,Automobile,Owner,Unknown,Unknown,Other,Other,Flat Road,Y Shape,Asphalt roads,Dry,Daylight,Normal,Vehicle with vehicle collision,2,1,Going straight,Pedestrian,Male,31-50,Slight,Driver,Unknown,Moving Backward,Slight Injury
17:57:00,Evening,Friday,31-50,Male,Junior High School,Employee,10-20,5,Lorry,Owner,5-10 years,No Defect,Church area,Other,Flat Road,No junction,Asphalt roads,Dry,Daylight,Normal,Vehicle with vehicle collision,1,1,Reversing,Driver or rider,Male,18-30,Serious,Driver,Normal,Overtaking,Slight Injury
18:09:00,Evening,Tuesday,Unknown,Male,High School,Employee,10-20,5,Automobile,Owner,5-10 years,No Defect,Church area,Two Way (Undivided),Flat Road,Crossing,Asphalt roads,Dry,Daylight,Normal,Vehicle with vehicle collision,2,1,Moving Backward,Unspecified,Unknown,Unknown,No Injury,Driver,Unknown,No priority to vehicle,Slight Injury
18:09:00,Evening,Tuesday,51-100,Male,Junior High School,Employee,10-20,5,Public Transport,Owner,Unknown,No Defect,Other,Two Way (Divided - Broken Line),Flat Road,Crossing,Asphalt roads,Dry,Daylight,Normal,Collision with roadside objects,2,1,Overtaking,Driver or rider,Male,31-50,Slight,Driver,Normal,No priority to vehicle,Slight Injury
15:25:00,Afternoon,Tuesday,18-30,Male,Junior High School,Employee,10-20,5,Special Vehicle,Owner,Unknown,No Defect,Other,One Way,Flat Road,Other,Asphalt roads,Dry,Daylight,Normal,Vehicle with vehicle collision,1,1,Going straight,Passenger,Male,18-30,Serious,Driver,Normal,Changing lane to the left,Serious Injury
17:11:00,Evening,Thursday,51-100,Male,Junior High School,Employee,10-20,5,Automobile,Governmental,2-5 years,Unknown,Recreational area,Two Way (Divided - Broken Line),Flat Road,No junction,Asphalt roads,Dry,Daylight,Normal,Collision with roadside objects,2,3,Going straight,Passenger,Female,18-30,Slight,Self-employed,Normal,No priority to vehicle,Slight Injury
17:11:00,Evening,Thursday,51-100,Male,Junior High School,Employee,10-20,5,Public Transport,Owner,2-5 years,Unknown,Other,Two Way (Undivided),Flat Road,No junction,Asphalt roads,Dry,Daylight,Normal,Vehicle with vehicle collision,2,3,Going straight,Unspecified,Unknown,Unknown,No Injury,Driver,Normal,No distancing,Slight Injury
17:11:00,Evening,Thursday,31-50,Male,Junior High School,Employee,5-10,4,Unknown,Owner,5-10 years,Unknown,Office area,Two Way (Undivided),Flat Road,No junction,Asphalt roads,Dry,Daylight,Normal,Vehicle with vehicle collision,2,3,Going straight,Unspecified,Unknown,Unknown,No Injury,Driver,Normal,Moving Backward,Slight Injury
12:15:00,Afternoon,Wednesday,Unknown,Male,Junior High School,Employee,2-5,3,Lorry,Owner,5-10 years,No Defect,Church area,Two Way (Divided - Broken Line),Flat Road,Y Shape,Asphalt roads,Dry,Daylight,Normal,Unknown,2,1,Going straight,Unspecified,Unknown,Unknown,No Injury,Self-employed,Normal,Changing lane to the right,Slight Injury
12:15:00,Afternoon,Wednesday,51-100,Male,Junior High School,Employee,0-1,1,Lorry,Owner,2-5 years,Unknown,Office area,Two Way (Divided - Broken Line),Flat Road,Y Shape,Asphalt roads,Dry,Daylight,Normal,Collision with pedestrians,2,1,Going straight,Pedestrian,Male,18-30,Slight,Driver,Normal,No distancing,Slight Injury
16:31:00,Afternoon,Thursday,0-17,Male,Junior High School,Employee,0-1,1,Public Transport,Owner,Unknown,No Defect,Office area,Two Way (Undivided),Mountainous Terrain,Y Shape,Asphalt roads,Dry,Daylight,Normal,Vehicle with vehicle collision,3,4,Going straight,Driver or rider,Male,31-50,Slight,Driver,Normal,Overtaking,Slight Injury
16:31:00,Afternoon,Thursday,18-30,Male,Junior High School,Employee,2-5,3,Lorry,Owner,2-5 years,No Defect,Other,Two Way (Undivided),Flat Road,Y Shape,Asphalt roads,Dry,Daylight,Normal,Vehicle with vehicle collision,3,4,Going straight,Unspecified,Unknown,Unknown,No Injury,Self-employed,Unknown,No distancing,Slight Injury
16:31:00,Afternoon,Thursday,18-30,Male,Elementary School,Employee,0-1,1,Lorry,Governmental,Unknown,Unknown,Residential area,Two Way (Divided - Broken Line),Flat Road,Y Shape,Asphalt roads,Dry,Daylight,Normal,Vehicle with vehicle collision,3,4,Going straight,Driver or rider,Male,31-50,Slight,Driver,Normal,Changing lane to the left,Slight Injury
16:31:00,Afternoon,Thursday,51-100,Male,Junior High School,Employee,0-1,1,Public Transport,Owner,2-5 years,No Defect,Office area,Two Way (Divided - Broken Line),Flat Road,Y Shape,Asphalt roads,Dry,Daylight,Normal,Collision with pedestrians,3,4,Going straight,Unspecified,Unknown,Unknown,No Injury,Self-employed,Normal,Driving under the influence of drugs,Slight Injury
11:30:00,Morning,Tuesday,31-50,Male,Junior High School,Employee,No License,6,Public Transport,Owner,2-5 years,Unknown,Residential area,Other,Flat Road,No junction,Asphalt roads,Dry,Daylight,Normal,Collision with roadside objects,2,4,Going straight,Passenger,Male,Under 18,Slight,Self-employed,Normal,No distancing,Slight Injury
11:30:00,Morning,Tuesday,31-50,Male,Junior High School,Employee,5-10,4,Automobile,Owner,Unknown,No Defect,Residential area,Two Way (Divided - Broken Line),Flat Road,No junction,Asphalt roads,Dry,Daylight,Normal,Unknown,2,4,Other,Unspecified,Unknown,Unknown,No Injury,Self-employed,Normal,No distancing,Slight Injury
11:30:00,Morning,Tuesday,31-50,Male,Writing & Reading,Employee,0-1,1,Other,Owner,Unknown,No Defect,Other,Divided Road,Flat Road,No junction,Asphalt roads,Dry,Daylight,Normal,Vehicle with vehicle collision,2,4,Going straight,Pedestrian,Male,18-30,Slight,Driver,Unknown,Changing lane to the right,Slight Injury
11:30:00,Morning,Tuesday,18-30,Male,Junior High School,Employee,0-1,1,Station Wagon,Owner,Unknown,No Defect,Hospital area,One Way,Flat Road,No junction,Asphalt roads,Dry,Daylight,Normal,Unknown,2,4,Moving Backward,Driver or rider,Male,Over 51,Slight,Driver,Normal,Changing lane to the left,Slight Injury
15:20:00,Afternoon,Thursday,Unknown,Male,Junior High School,Employee,1-2,2,Other,Governmental,Unknown,No Defect,Other,Two Way (Undivided),Flat Road,Other,Asphalt roads,Dry,Daylight,Normal,Unknown,2,1,Other,Unspecified,Unknown,Unknown,No Injury,Student,Normal,Moving Backward,Slight Injury
15:20:00,Afternoon,Thursday,0-17,Male,Elementary School,Employee,10-20,5,Unknown,Owner,Unknown,No Defect,Other,Two Way (Undivided),Flat Road,Other,Asphalt roads,Dry,Daylight,Normal,Unknown,2,1,Going straight,Unspecified,Unknown,Unknown,No Injury,Driver,Unknown,No distancing,Slight Injury
7:15:00,Morning,Thursday,Unknown,Female,Elementary School,Employee,10-20,5,Automobile,Owner,Unknown,No Defect,Recreational area,One Way,Flat Road,No junction,Asphalt roads,Dry,Daylight,Normal,Vehicle with vehicle collision,2,1,Going straight,Unspecified,Unknown,Unknown,No Injury,Driver,Normal,No distancing,Slight Injury
7:15:00,Morning,Thursday,18-30,Male,Elementary School,Employee,0-1,1,Station Wagon,Owner,Unknown,No Defect,Other,Two Way (Undivided),Flat Road,No junction,Asphalt roads,Dry,Daylight,Normal,Vehicle with vehicle collision,2,1,Going straight,Unspecified,Unknown,Unknown,No Injury,Self-employed,Normal,Driving carelessly,Slight Injury
19:49:00,Evening,Saturday,31-50,Male,High School,Employee,2-5,3,Other,Owner,Unknown,No Defect,Other,Two Way (Undivided),Flat Road,Y Shape,Asphalt roads,Dry,Darkness - lights lit,Normal,Collision with roadside objects,2,1,Going straight,Driver or rider,Male,Unknown,Slight,Self-employed,Normal,Moving Backward,Slight Injury
19:49:00,Evening,Saturday,18-30,Male,Junior High School,Employee,2-5,3,Lorry,Owner,Unknown,No Defect,Other,Two Way (Undivided),Flat Road,Y Shape,Asphalt roads,Dry,Darkness - lights lit,Normal,Collision with roadside objects,2,1,Going straight,Unspecified,Unknown,Unknown,No Injury,Driver,Normal,No distancing,Slight Injury
19:01:00,Evening,Thursday,18-30,Male,Above High School,Employee,10-20,5,Automobile,Owner,Below 1 year,No Defect,Office area,Two Way (Divided - Broken Line),Flat Road,Other,Asphalt roads,Dry,Darkness - lights lit,Normal,Vehicle with vehicle collision,2,1,Going straight,Driver or rider,Male,18-30,Slight,Driver,Unknown,Changing lane to the right,Slight Injury
19:01:00,Evening,Thursday,51-100,Male,Junior High School,Employee,2-5,3,Unknown,Owner,2-5 years,No Defect,Other,Two Way (Divided - Broken Line),Flat Road,Other,Asphalt roads,Dry,Darkness - lights lit,Normal,Vehicle with vehicle collision,2,1,Going straight,Driver or rider,Male,31-50,Slight,Driver,Normal,Driving carelessly,Slight Injury
16:10:00,Afternoon,Tuesday,31-50,Male,Junior High School,Employee,2-5,3,Lorry,Owner,Unknown,No Defect,Residential area,Two Way (Divided - Broken Line),Flat Road,Y Shape,Asphalt roads,Dry,Daylight,Normal,Vehicle with vehicle collision,2,1,Going straight,Unspecified,Unknown,Unknown,No Injury,Self-employed,Normal,Driving to the left,Serious Injury
16:10:00,Afternoon,Tuesday,Unknown,Male,High School,Employee,1-2,2,Lorry,Owner,5-10 years,No Defect,Other,Two Way (Undivided),Flat Road,Y Shape,Asphalt roads,Dry,Daylight,Normal,Vehicle with vehicle collision,2,1,Going straight,Unspecified,Unknown,Unknown,No Injury,Driver,Normal,Changing lane to the right,Serious Injury
8:45:00,Morning,Friday,51-100,Male,Junior High School,Employee,5-10,4,Lorry,Owner,Unknown,No Defect,Other,Two Way (Undivided),Flat Road,No junction,Asphalt roads,Dry,Daylight,Normal,Vehicle with vehicle collision,2,1,Other,Driver or rider,Male,31-50,Serious,Driver,Normal,Driving carelessly,Slight Injury
8:45:00,Morning,Friday,18-30,Male,Junior High School,Employee,0-1,1,Other,Owner,Unknown,Unknown,Church area,Two Way (Undivided),Flat Road,No junction,Asphalt roads,Dry,Daylight,Normal,Rollover,2,1,Reversing,Pedestrian,Female,31-50,Slight,Driver,Normal,Changing lane to the right,Slight Injury
16:50:00,Afternoon,Tuesday,Unknown,Male,Junior High School,Employee,0-1,1,Other,Owner,1-2 years,Defect Present,Office area,Two Way (Undivided),Flat Road,Y Shape,Asphalt roads,Dry,Daylight,Normal,Vehicle with vehicle collision,3,2,Other,Driver or rider,Male,31-50,Slight,Self-employed,Normal,No priority to vehicle,Slight Injury
16:50:00,Afternoon,Tuesday,Unknown,Male,Elementary School,Employee,No License,6,Automobile,Owner,Above 10 years,No Defect,School area,Other,Flat Road,Y Shape,Asphalt roads,Dry,Daylight,Normal,Collision with roadside objects,3,2,Other,Pedestrian,Male,18-30,Slight,Self-employed,Normal,Changing lane to the right,Slight Injury
16:50:00,Afternoon,Tuesday,18-30,Male,Junior High School,Employee,0-1,1,Other,Owner,2-5 years,No Defect,Other,Two Way (Undivided),Flat Road,Y Shape,Asphalt roads,Dry,Daylight,Normal,Collision with pedestrians,3,2,Reversing,Passenger,Female,31-50,Slight,Driver,Normal,Turnover,Slight Injury
16:50:00,Afternoon,Tuesday,18-30,Male,Junior High School,Employee,1-2,2,Unknown,Owner,1-2 years,No Defect,Office area,Two Way (Undivided),Flat Road,Y Shape,Asphalt roads,Dry,Daylight,Normal,Vehicle with vehicle collision,3,2,Going straight,Unspecified,Unknown,Unknown,No Injury,Driver,Normal,No priority to vehicle,Slight Injury
10:56:00,Morning,Friday,18-30,Male,Elementary School,Employee,2-5,3,Automobile,Owner,1-2 years,No Defect,Residential area,Other,Steep Downward,Y Shape,Asphalt roads,Dry,Daylight,Normal,Vehicle with vehicle collision,1,1,Going straight,Unspecified,Unknown,Unknown,No Injury,Other,Normal,Driving at high speed,Serious Injury
10:35:00,Morning,Saturday,51-100,Male,High School,Employee,1-2,2,Motorcycle,Owner,1-2 years,No Defect,Industrial area,One Way,Flat Road,No junction,Asphalt roads,Dry,Daylight,Normal,Vehicle with vehicle collision,2,2,Going straight,Passenger,Female,Under 18,Slight,Employee,Normal,No distancing,Slight Injury
10:35:00,Morning,Saturday,31-50,Male,Junior High School,Employee,5-10,4,Automobile,Owner,2-5 years,No Defect,Other,Two Way (Undivided),Flat Road,No junction,Asphalt roads,Dry,Daylight,Normal,Vehicle with vehicle collision,2,2,Going straight,Passenger,Female,Under 18,Slight,Driver,Normal,No distancing,Slight Injury
15:26:00,Afternoon,Tuesday,31-50,Male,Junior High School,Employee,0-1,1,Automobile,Owner,1-2 years,No Defect,Residential area,Two Way (Undivided),Flat Road,Y Shape,Asphalt roads,Dry,Daylight,Normal,Vehicle with vehicle collision,1,1,Turnover,Driver or rider,Male,31-50,Slight,Driver,Normal,Driving carelessly,Slight Injury
8:55:00,Morning,Friday,51-100,Male,High School,Employee,10-20,5,Public Transport,Owner,1-2 years,No Defect,Recreational area,Two Way (Divided - Broken Line),Flat Road,Crossing,Asphalt roads,Dry,Daylight,Normal,Vehicle with vehicle collision,1,1,Going straight,Unspecified,Unknown,Unknown,No Injury,Employee,Normal,Driving carelessly,Slight Injury
12:10:00,Afternoon,Saturday,Unknown,Female,Elementary School,Owner,5-10,4,Lorry,Owner,Unknown,Defect Present,Office area,Other,Flat Road,No junction,Asphalt roads,Dry,Daylight,Normal,Vehicle with vehicle collision,2,1,Going straight,Driver or rider,Male,18-30,Slight,Driver,Normal,Moving Backward,Slight Injury
12:10:00,Afternoon,Saturday,31-50,Male,Elementary School,Employee,0-1,1,Unknown,Owner,Unknown,No Defect,Outside rural area,Two Way (Divided - Broken Line),Flat Road,No junction,Asphalt roads,Dry,Daylight,Normal,Collision with roadside objects,2,1,Going straight,Unspecified,Unknown,Unknown,No Injury,Driver,Normal,No distancing,Slight Injury
18:26:00,Evening,Saturday,0-17,Male,Junior High School,Employee,5-10,4,Automobile,Owner,1-2 years,No Defect,Outside rural area,Two Way (Divided - Broken Line),Flat Road,Crossing,Asphalt roads,Dry,Daylight,Normal,Rollover,2,1,Going straight,Driver or rider,Male,18-30,Slight,Driver,Normal,Changing lane to the right,Serious Injury
18:26:00,Evening,Saturday,31-50,Male,Elementary School,Owner,5-10,4,Public Transport,Owner,1-2 years,No Defect,Outside rural area,Two Way (Undivided),Flat Road,Crossing,Asphalt roads,Dry,Daylight,Normal,Vehicle with vehicle collision,2,1,Going straight,Driver or rider,Male,31-50,Slight,Driver,Normal,Overtaking,Serious Injury
19:45:00,Evening,Sunday,Unknown,Female,Junior High School,Employee,2-5,3,Other,Governmental,Below 1 year,No Defect,Outside rural area,Two Way (Undivided),Flat Road,No junction,Asphalt roads,Dry,Darkness - lights lit,Normal,Collision with pedestrians,3,1,Moving Backward,Passenger,Female,18-30,Slight,Driver,Normal,No distancing,Slight Injury
19:45:00,Evening,Sunday,31-50,Male,Junior High School,Employee,10-20,5,Lorry,Owner,Unknown,No Defect,Outside rural area,Other,Steep Downward,No junction,Asphalt roads,Dry,Darkness - lights lit,Normal,Vehicle with vehicle collision,3,1,Going straight,Unspecified,Unknown,Unknown,No Injury,Driver,Normal,Overtaking,Slight Injury
19:45:00,Evening,Sunday,31-50,Male,Junior High School,Employee,5-10,4,Automobile,Owner,Unknown,No Defect,School area,Other,Steep Downward,No junction,Asphalt roads,Dry,Darkness - lights lit,Normal,Vehicle with vehicle collision,3,1,Going straight,Passenger,Female,18-30,Slight,Driver,Normal,Moving Backward,Slight Injury
15:42:00,Afternoon,Thursday,31-50,Male,High School,Employee,1-2,2,Public Transport,Owner,Above 10 years,No Defect,Outside rural area,Two Way (Divided - Broken Line),Flat Road,Y Shape,Asphalt roads,Dry,Daylight,Normal,Collision with pedestrians,2,2,Turnover,Passenger,Male,Under 18,Slight,Driver,Normal,No distancing,Slight Injury
15:42:00,Afternoon,Thursday,51-100,Male,Elementary School,Employee,5-10,4,Automobile,Owner,Unknown,No Defect,Outside rural area,Two Way (Undivided),Flat Road,Y Shape,Asphalt roads,Dry,Daylight,Normal,Collision with pedestrians,2,2,Going straight,Driver or rider,Male,Over 51,Slight,Driver,Normal,No distancing,Slight Injury
2:15:00,Night,Saturday,Unknown,Male,Elementary School,Employee,2-5,3,Public Transport,Owner,Unknown,No Defect,Outside rural area,Two Way (Divided - Broken Line),Other,No junction,Asphalt roads,Dry,Darkness - lights lit,Unknown,Vehicle with vehicle collision,2,1,Going straight,Unspecified,Unknown,Unknown,No Injury,Driver,Unknown,No priority to vehicle,Slight Injury
2:15:00,Night,Saturday,18-30,Male,Junior High School,Employee,0-1,1,Public Transport,Owner,2-5 years,No Defect,Outside rural area,Two Way (Divided - Broken Line),Mountainous Terrain,No junction,Asphalt roads,Dry,Darkness - lights lit,Unknown,Vehicle with vehicle collision,2,1,Going straight,Unspecified,Unknown,Unknown,No Injury,Driver,Unknown,No priority to vehicle,Slight Injury
13:30:00,Afternoon,Monday,51-100,Male,Junior High School,Employee,0-1,1,Automobile,Owner,2-5 years,No Defect,Office area,Two Way (Undivided),Mountainous Terrain,No junction,Asphalt roads,Dry,Daylight,Normal,Vehicle with vehicle collision,2,1,Going straight,Driver or rider,Female,18-30,Slight,Self-employed,Normal,Changing lane to the left,Slight Injury
13:30:00,Afternoon,Monday,Unknown,Female,Junior High School,Employee,5-10,4,Lorry,Owner,2-5 years,No Defect,Outside rural area,Two Way (Undivided),Mountainous Terrain,No junction,Asphalt roads,Dry,Daylight,Normal,Vehicle with vehicle collision,2,1,Going straight,Unspecified,Unknown,Unknown,No Injury,Self-employed,Normal,No distancing,Slight Injury
15:06:00,Afternoon,Wednesday,18-30,Male,Junior High School,Owner,5-10,4,Automobile,Owner,Unknown,No Defect,Outside rural area,Two Way (Undivided),Mountainous Terrain,O Shape,Asphalt roads,Dry,Daylight,Normal,Vehicle with vehicle collision,2,1,Going straight,Driver or rider,Female,31-50,Slight,Driver,Unknown,Driving under the influence of drugs,Serious Injury
15:06:00,Afternoon,Wednesday,51-100,Male,Elementary School,Employee,1-2,2,Other,Owner,2-5 years,No Defect,Outside rural area,Two Way (Undivided),Flat Road,O Shape,Asphalt roads,Dry,Daylight,Normal,Collision with roadside objects,2,1,Moving Backward,Driver or rider,Male,31-50,Slight,Driver,Normal,Changing lane to the left,Serious Injury
7:06:00,Morning,Wednesday,18-30,Male,Junior High School,Employee,No License,6,Public Transport,Owner,Unknown,No Defect,Office area,Two Way (Undivided),Flat Road,No junction,Asphalt roads,Wet or damp,Daylight,Normal,Vehicle with vehicle collision,2,1,Going straight,Unspecified,Unknown,Unknown,No Injury,Driver,Unknown,Changing lane to the right,Serious Injury
7:06:00,Morning,Wednesday,18-30,Male,Elementary School,Employee,10-20,5,Automobile,Owner,Unknown,No Defect,Recreational area,Two Way (Undivided),Flat Road,No junction,Asphalt roads,Wet or damp,Daylight,Normal,Vehicle with vehicle collision,2,1,Going straight,Pedestrian,Male,Under 18,Serious,Driver,Unknown,Driving to the left,Serious Injury
18:01:00,Evening,Sunday,18-30,Male,Junior High School,Owner,1-2,2,Automobile,Owner,Above 10 years,No Defect,Office area,Two Way (Undivided),Flat Road,Other,Asphalt roads,Dry,Daylight,Normal,Vehicle with vehicle collision,2,2,Going straight,Passenger,Female,31-50,Slight,Driver,Unknown,Driving at high speed,Slight Injury
18:01:00,Evening,Sunday,18-30,Male,Junior High School,Unknown,No License,6,Automobile,Owner,2-5 years,No Defect,Other,Two Way (Divided - Broken Line),Flat Road,Other,Asphalt roads,Dry,Daylight,Normal,Vehicle with vehicle collision,2,2,Going straight,Driver or rider,Male,31-50,Slight,Driver,Normal,Overtaking,Slight Injury
18:01:00,Evening,Sunday,18-30,Male,Junior High School,Employee,10-20,5,Station Wagon,Owner,Above 10 years,No Defect,Residential area,Two Way (Divided - Broken Line),Flat Road,Other,Asphalt roads,Dry,Daylight,Normal,Vehicle with vehicle collision,2,2,Moving Backward,Unspecified,Unknown,Unknown,No Injury,Other,Normal,Changing lane to the right,Slight Injury
16:48:00,Afternoon,Saturday,18-30,Male,Elementary School,Owner,2-5,3,Other,Owner,Above 10 years,No Defect,Residential area,Other,Flat Road,Y Shape,Earth roads,Dry,Daylight,Normal,Vehicle with vehicle collision,1,1,Going straight,Unspecified,Unknown,Unknown,No Injury,Employee,Normal,Changing lane to the right,Slight Injury
8:15:00,Morning,Friday,31-50,Male,Junior High School,Employee,5-10,4,Other,Owner,Unknown,No Defect,Residential area,Two Way (Undivided),Flat Road,Y Shape,Asphalt roads,Dry,Daylight,Normal,Vehicle with vehicle collision,1,1,Other,Driver or rider,Male,31-50,Slight,Self-employed,Normal,Moving Backward,Serious Injury
10:25:00,Morning,Thursday,51-100,Male,Junior High School,Employee,0-1,1,Other,Owner,Above 10 years,No Defect,Other,Two Way (Undivided),Flat Road,Other,Asphalt roads,Dry,Daylight,Normal,Vehicle with vehicle collision,1,1,Other,Driver or rider,Male,31-50,Slight,Driver,Unknown,Moving Backward,Slight Injury