Time,Time_Period,Day_of_week,Age_band_of_driver,Sex_of_driver,Educational_level,Vehicle_driver_relation,Driving_experience,Exp_Order,Type_of_vehicle,Owner_of_vehicle,Service_year_of_vehicle,Defect_of_vehicle,Area_accident_occured,Lanes_or_Medians,Road_allignment,Types_of_Junction,Road_surface_type,Road_surface_conditions,Light_conditions,Weather_conditions,Type_of_collision,Number_of_vehicles_involved,Number_of_casualties,Vehicle_movement,Casualty_class,Sex_of_casualty,Age_band_of_casualty,Casualty_severity,Work_of_casuality,Fitness_of_casuality,Cause_of_accident,Accident_severity
22:00:00,Night,Friday,18-30,Male,Junior High School,Employee,5-10,4,Unknown,Owner,Unknown,No Defect,Other,Two Way (Divided - Broken Line),Flat Road,Crossing,Asphalt roads,Wet or damp,Darkness - lights lit,Unknown,Collision with pedestrians,1,1,Going straight,Driver or rider,Male,18-30,Slight,Driver,Normal,Driving carelessly,Serious Injury
20:43:00,Evening,Tuesday,18-30,Male,High School,Owner,5-10,4,Other,Owner,Unknown,No Defect,Other,One Way,Flat Road,No junction,Asphalt roads,Dry,Darkness - lights lit,Normal,Vehicle with vehicle collision,1,1,Other,Unspecified,Unknown,Unknown,No Injury,Driver,Unknown,No priority to pedestrian,Slight Injury
7:10:00,Morning,Monday,18-30,Male,Junior High School,Employee,10-20,5,Automobile,Governmental,2-5 years,Unknown,Recreational area,Two Way (Divided - Broken Line),Flat Road,No junction,Asphalt roads,Wet or damp,Daylight,Normal,Vehicle with vehicle collision,2,1,Other,Driver or rider,Male,18-30,Slight,Driver,Normal,Getting off the vehicle improperly,Slight Injury
7:10:00,Morning,Monday,18-30,Male,Junior High School,Employee,0-1,1,Station Wagon,Owner,2-5 years,Unknown,Other,Two Way (Undivided),Flat Road,No junction,Gravel roads,Wet or damp,Daylight,Normal,Vehicle with vehicle collision,2,1,Going straight,Unspecified,Unknown,Unknown,No Injury,Self-employed,Unknown,No distancing,Slight Injury
17:19:00,Evening,Tuesday,51-100,Male,Junior High School,Other,0-1,1,Other,Owner,5-10 years,Unknown,Office area,Two Way (Undivided),Flat Road,Y Shape,Asphalt roads,Dry,Daylight,Normal,Vehicle with vehicle collision,3,1,Reversing,Pedestrian,Male,Under 18,Slight,Driver,Unknown,Changing lane to the left,Slight Injury
17:19:00,Evening,Tuesday,31-50,Male,Junior High School,Employee,10-20,5,Unknown,Owner,5-10 years,No Defect,Church area,Two Way (Divided - Broken Line),Flat Road,Y Shape,Asphalt roads,Dry,Daylight,Normal,Vehicle with vehicle collision,3,1,Going straight,Driver or rider,Male,18-30,Slight,Driver,Normal,No priority to vehicle,Slight Injury
17:19:00,Evening,Tuesday,18-30,Female,High School,Owner,5-10,4,Animal Transport,Owner,2-5 years,Unknown,Office area,Two Way (Divided - Broken Line),Flat Road,Y Shape,Asphalt roads,Dry,Daylight,Normal,Vehicle with vehicle collision,3,1,Going straight,Driver or rider,Male,31-50,Slight,Driver,Normal,No distancing,Slight Injury
21:00:00,Night,Monday,Unknown,Female,Elementary School,Owner,5-10,4,Unknown,Owner,Unknown,No Defect,Office area,Two Way (Undivided),Mountainous Terrain,Crossing,Asphalt roads,Dry,Darkness - lights lit,Normal,Vehicle with vehicle collision,2,1,Going straight,Unspecified,Unknown,Unknown,No Injury,Driver,Normal,No priority to pedestrian,Slight Injury
21:00:00,Night,Monday,18-30,Male,Junior High School,Employee,2-5,3,Other,Owner,2-5 years,No Defect,Other,Two Way (Undivided),Flat Road,Crossing,Asphalt roads,Dry,Darkness - lights lit,Normal,Vehicle with vehicle collision,2,1,Going straight,Driver or rider,Female,18-30,Slight,Driver,Normal,No priority to pedestrian,Slight Injury
3:20:00,Night,Friday,Unknown,Female,Junior High School,Employee,2-5,3,Lorry,Governmental,Unknown,Unknown,Residential area,Two Way (Divided - Broken Line),Flat Road,No junction,Asphalt roads,Dry,Darkness - no lighting,Normal,Vehicle with vehicle collision,1,2,Moving Backward,Passenger,Female,31-50,Slight,Driver,Normal,No priority to vehicle,Slight Injury
3:20:00,Night,Friday,Unknown,Female,Above High School,Employee,5-10,4,Lorry,Owner,2-5 years,No Defect,Office area,Two Way (Divided - Broken Line),Flat Road,No junction,Asphalt roads,Dry,Darkness - no lighting,Normal,Vehicle with vehicle collision,1,2,Going straight,Pedestrian,Female,Under 18,Slight,Driver,Normal,Driving carelessly,Slight Injury
8:00:00,Morning,Monday,18-30,Male,Junior High School,Owner,2-5,3,Lorry,Owner,2-5 years,Unknown,Residential area,Other,Flat Road,Crossing,Asphalt roads,Dry,Daylight,Normal,Collision with roadside objects,2,1,Going straight,Driver or rider,Male,18-30,Slight,Driver,Normal,Changing lane to the right,Slight Injury
8:00:00,Morning,Monday,18-30,Male,Junior High School,Unknown,No License,6,Station Wagon,Owner,Unknown,No Defect,Residential area,Two Way (Divided - Broken Line),Flat Road,Crossing,Asphalt roads,Dry,Daylight,Normal,Rollover,2,1,Going straight,Pedestrian,Female,18-30,Slight,Self-employed,Normal,Changing lane to the left,Slight Injury
9:00:00,Morning,Wednesday,18-30,Male,Junior High School,Employee,2-5,3,Lorry,Owner,Unknown,No Defect,Other,Divided Road,Flat Road,Y Shape,Asphalt roads,Dry,Daylight,Normal,Vehicle with vehicle collision,2,1,Going straight,Unspecified,Unknown,Unknown,No Injury,Driver,Normal,Moving Backward,Slight Injury
9:00:00,Morning,Wednesday,18-30,Male,Junior High School,Employee,5-10,4,Automobile,Owner,Unknown,No Defect,Hospital area,One Way,Flat Road,Y Shape,Asphalt roads,Dry,Daylight,Normal,Vehicle with vehicle collision,2,1,Going straight,Driver or rider,Male,Over 51,Slight,Driver,Unknown,Driving carelessly,Slight Injury
13:05:00,Afternoon,Thursday,18-30,Male,Junior High School,Employee,2-5,3,Automobile,Governmental,Unknown,No Defect,Other,Two Way (Undivided),Flat Road,No junction,Asphalt roads,Dry,Daylight,Normal,Vehicle with vehicle collision,1,1,Moving Backward,Pedestrian,Female,Under 18,Slight,Driver,Normal,Driving to the left,Serious Injury
9:15:00,Morning,Saturday,0-17,Male,Elementary School,Employee,1-2,2,Other,Owner,Unknown,No Defect,Other,Two Way (Undivided),Flat Road,No junction,Asphalt roads,Dry,Daylight,Normal,Vehicle with vehicle collision,1,1,Going straight,Driver or rider,Male,31-50,Slight,Driver,Normal,Driving to the left,Fatal injury
21:30:00,Night,Thursday,18-30,Male,High School,Employee,No License,6,Taxi,Owner,Unknown,No Defect,Recreational area,One Way,Flat Road,Crossing,Asphalt roads,Dry,Darkness - lights lit,Normal,Vehicle with vehicle collision,1,1,Going straight,Driver or rider,Male,Over 51,Slight,Driver,Normal,No priority to pedestrian,Slight Injury
4:46:00,Night,Sunday,18-30,Male,Junior High School,Owner,1-2,2,Automobile,Owner,Unknown,No Defect,Other,Two Way (Undivided),Flat Road,Y Shape,Asphalt roads,Dry,Darkness - lights lit,Normal,Collision with roadside objects,2,7,Moving Backward,Passenger,Female,31-50,Serious,Employee,Unknown,Changing lane to the left,Slight Injury
4:46:00,Night,Sunday,18-30,Male,Junior High School,Employee,2-5,3,Public Transport,Owner,Unknown,No Defect,Other,Two Way (Undivided),Flat Road,Y Shape,Asphalt roads,Dry,Darkness - lights lit,Normal,Collision with roadside objects,2,7,Moving Backward,Passenger,Female,Over 51,Serious,Driver,Normal,Changing lane to the right,Slight Injury
4:46:00,Night,Sunday,18-30,Male,Junior High School,Employee,1-2,2,Lorry,Owner,Unknown,No Defect,Other,Two Way (Undivided),Flat Road,Y Shape,Asphalt roads,Dry,Darkness - lights lit,Normal,Vehicle with vehicle collision,2,7,Going straight,Passenger,Female,31-50,Slight,Driver,Normal,Driving carelessly,Slight Injury
4:46:00,Night,Sunday,18-30,Male,Elementary School,Employee,10-20,5,Public Transport,Owner,Below 1 year,No Defect,Office area,Two Way (Divided - Broken Line),Flat Road,Y Shape,Gravel roads,Dry,Darkness - lights lit,Normal,Collision with roadside objects,2,7,Turnover,Passenger,Male,Over 51,Serious,Self-employed,Normal,No distancing,Slight Injury
4:46:00,Night,Sunday,31-50,Male,Junior High School,Employee,2-5,3,Unknown,Owner,2-5 years,No Defect,Other,Two Way (Divided - Broken Line),Flat Road,Y Shape,Asphalt roads,Dry,Darkness - lights lit,Normal,Vehicle with vehicle collision,2,7,Turnover,Pedestrian,Female,31-50,Slight,Self-employed,Normal,Getting off the vehicle improperly,Slight Injury
4:46:00,Night,Sunday,31-50,Male,Junior High School,Employee,2-5,3,Unknown,Owner,Unknown,No Defect,Residential area,Two Way (Divided - Broken Line),Flat Road,Y Shape,Gravel roads,Dry,Darkness - lights lit,Normal,Vehicle with vehicle collision,2,7,Going straight,Pedestrian,Female,Over 51,Slight,Employee,Normal,Driving under the influence of drugs,Slight Injury
4:46:00,Night,Sunday,31-50,Male,Junior High School,Employee,2-5,3,Automobile,Owner,5-10 years,No Defect,Other,Two Way (Undivided),Flat Road,Y Shape,Asphalt roads,Dry,Darkness - lights lit,Normal,Vehicle with vehicle collision,2,7,Going straight,Passenger,Female,31-50,Slight,Driver,Normal,Changing lane to the right,Slight Injury
16:00:00,Afternoon,Saturday,31-50,Male,Junior High School,Employee,2-5,3,Automobile,Owner,Unknown,No Defect,Other,Two Way (Undivided),Flat Road,Crossing,Asphalt roads,Wet or damp,Daylight,Normal,Vehicle with vehicle collision,1,1,Going straight,Pedestrian,Male,Under 18,Serious,Driver,Normal,Driving carelessly,Slight Injury
5:55:00,Morning,Monday,31-50,Male,Elementary School,Employee,2-5,3,Lorry,Owner,Unknown,Unknown,Church area,Two Way (Undivided),Flat Road,Crossing,Asphalt roads,Dry,Daylight,Normal,Vehicle with vehicle collision,2,3,Going straight,Unspecified,Unknown,Unknown,No Injury,Employee,Normal,Moving Backward,Serious Injury
5:55:00,Morning,Monday,31-50,Male,Junior High School,Employee,2-5,3,Automobile,Owner,1-2 years,Defect Present,Office area,Two Way (Undivided),Flat Road,Crossing,Asphalt roads,Dry,Daylight,Normal,Vehicle with vehicle collision,2,3,Going straight,Driver or rider,Male,18-30,Slight,Self-employed,Normal,Turnover,Serious Injury
5:55:00,Morning,Monday,31-50,Male,Elementary School,Employee,5-10,4,Public Transport,Owner,Above 10 years,No Defect,School area,Other,Flat Road,Crossing,Asphalt roads,Dry,Daylight,Normal,Collision with pedestrians,2,3,Going straight,Passenger,Female,31-50,Slight,Driver,Normal,Changing lane to the right,Serious Injury
1:49:00,Night,Monday,Unknown,Female,Elementary School,Employee,2-5,3,Automobile,Owner,2-5 years,No Defect,Other,Two Way (Undivided),Flat Road,Y Shape,Asphalt roads,Wet or damp,Darkness - lights lit,Normal,Vehicle with vehicle collision,2,1,Getting off,Pedestrian,Female,Over 51,Serious,Driver,Normal,Driving carelessly,Slight Injury
1:49:00,Night,Monday,31-50,Male,Junior High School,Employee,10-20,5,Public Transport,Owner,1-2 years,No Defect,Office area,Two Way (Undivided),Flat Road,Y Shape,Asphalt roads,Wet or damp,Darkness - lights lit,Normal,Collision with roadside objects,2,1,Moving Backward,Driver or rider,Male,18-30,Slight,Self-employed,Normal,No priority to vehicle,Slight Injury
13:25:00,Afternoon,Friday,51-100,Male,Junior High School,Employee,10-20,5,Lorry,Owner,1-2 years,No Defect,Residential area,Other,Steep Downward,O Shape,Asphalt roads,Dry,Daylight,Normal,Vehicle with vehicle collision,1,1,Other,Driver or rider,Male,18-30,Slight,Driver,Normal,Moving Backward,Slight Injury
14:25:00,Afternoon,Monday,18-30,Male,High School,Employee,10-20,5,Automobile,Owner,1-2 years,No Defect,Industrial area,One Way,Flat Road,Crossing,Asphalt roads,Dry,Daylight,Normal,Collision with roadside objects,2,1,Going straight,Unspecified,Unknown,Unknown,No Injury,Driver,Normal,Changing lane to the left,Slight Injury
14:25:00,Afternoon,Monday,51-100,Male,Junior High School,Employee,5-10,4,Lorry,Owner,2-5 years,No Defect,Other,Two Way (Undivided),Flat Road,Crossing,Asphalt roads,Dry,Daylight,Normal,Vehicle with vehicle collision,2,1,Going straight,Pedestrian,Male,Under 18,Slight,Driver,Normal,Overturning,Slight Injury
14:04:00,Afternoon,Saturday,51-100,Male,Junior High School,Owner,2-5,3,Public Transport,Owner,1-2 years,No Defect,Residential area,Two Way (Undivided),Flat Road,Y Shape,Asphalt roads,Wet or damp,Daylight,Raining,Vehicle with vehicle collision,3,2,Going straight,Driver or rider,Male,31-50,Slight,Self-employed,Normal,No distancing,Slight Injury
14:04:00,Afternoon,Saturday,31-50,Male,Elementary School,Employee,1-2,2,Public Transport,Owner,1-2 years,No Defect,Recreational area,Two Way (Divided - Broken Line),Flat Road,Y Shape,Asphalt roads,Wet or damp,Daylight,Raining,Collision with pedestrians,3,2,Going straight,Unspecified,Unknown,Unknown,No Injury,Employee,Unknown,Driving carelessly,Slight Injury
14:04:00,Afternoon,Saturday,31-50,Male,Junior High School,Employee,2-5,3,Unknown,Owner,Unknown,Defect Present,Office area,Other,Flat Road,Y Shape,Asphalt roads,Wet or damp,Daylight,Raining,Vehicle with vehicle collision,3,2,Going straight,Driver or rider,Male,31-50,Slight,Driver,Normal,No distancing,Slight Injury
14:20:00,Afternoon,Saturday,51-100,Male,Junior High School,Employee,5-10,4,Lorry,Owner,Unknown,No Defect,Outside rural area,Two Way (Divided - Broken Line),Flat Road,Y Shape,Asphalt roads,Dry,Daylight,Normal,Vehicle with vehicle collision,2,1,Going straight,Unspecified,Unknown,Unknown,No Injury,Self-employed,Normal,Changing lane to the left,Slight Injury
14:20:00,Afternoon,Saturday,18-30,Male,Junior High School,Unknown,No License,6,Lorry,Owner,1-2 years,No Defect,Outside rural area,Two Way (Divided - Broken Line),Flat Road,Y Shape,Asphalt roads,Dry,Daylight,Normal,Vehicle with vehicle collision,2,1,Going straight,Driver or rider,Male,31-50,Slight,Driver,Normal,No priority to pedestrian,Slight Injury
13:15:00,Afternoon,Thursday,18-30,Male,Elementary School,Owner,5-10,4,Lorry,Owner,1-2 years,No Defect,Outside rural area,Two Way (Undivided),Flat Road,Crossing,Asphalt roads,Dry,Daylight,Normal,Vehicle with vehicle collision,2,1,Going straight,Unspecified,Unknown,Unknown,No Injury,Driver,Normal,No distancing,Slight Injury
13:15:00,Afternoon,Thursday,51-100,Male,High School,Other,10-20,5,Lorry,Governmental,Below 1 year,No Defect,Outside rural area,Two Way (Undivided),Flat Road,Crossing,Asphalt roads,Dry,Daylight,Normal,Collision with pedestrians,2,1,Going straight,Unspecified,Unknown,Unknown,No Injury,Driver,Normal,No distancing,Slight Injury
0:23:00,Night,Saturday,18-30,Male,Junior High School,Employee,10-20,5,Public Transport,Owner,Unknown,No Defect,Outside rural area,Other,Steep Downward,Y Shape,Asphalt roads,Dry,Darkness - lights lit,Normal,Vehicle with vehicle collision,3,1,Going straight,Driver or rider,Male,31-50,Slight,Driver,Normal,Changing lane to the left,Slight Injury
0:23:00,Night,Saturday,31-50,Male,Junior High School,Employee,1-2,2,Unknown,Owner,Unknown,No Defect,School area,Other,Steep Downward,Y Shape,Asphalt roads,Dry,Darkness - lights lit,Normal,Vehicle with vehicle collision,3,1,Going straight,Passenger,Male,31-50,Slight,Self-employed,Normal,No distancing,Slight Injury
0:23:00,Night,Saturday,31-50,Male,High School,Owner,No License,6,Taxi,Owner,Above 10 years,No Defect,Outside rural area,Two Way (Divided - Broken Line),Flat Road,Y Shape,Asphalt roads,Dry,Darkness - lights lit,Normal,Vehicle with vehicle collision,3,1,Going straight,Passenger,Female,31-50,Slight,Driver,Normal,Changing lane to the left,Slight Injury
22:20:00,Night,Wednesday,Unknown,Female,Junior High School,Employee,2-5,3,Unknown,Owner,Unknown,No Defect,Outside rural area,Two Way (Undivided),Flat Road,Crossing,Asphalt roads,Wet or damp,Darkness - lights lit,Normal,Vehicle with vehicle collision,2,1,Moving Backward,Driver or rider,Male,31-50,Slight,Driver,Unknown,No distancing,Slight Injury
22:20:00,Night,Wednesday,31-50,Male,Junior High School,Employee,5-10,4,Automobile,Owner,Unknown,No Defect,Outside rural area,Two Way (Divided - Broken Line),Other,Crossing,Asphalt roads,Wet or damp,Darkness - lights lit,Normal,Collision with roadside objects,2,1,Going straight,Unspecified,Unknown,Unknown,No Injury,Driver,Normal,No distancing,Slight Injury
0:57:00,Night,Tuesday,18-30,Male,Junior High School,Employee,2-5,3,Unknown,Owner,2-5 years,No Defect,Outside rural area,Two Way (Divided - Broken Line),Mountainous Terrain,No junction,Asphalt roads,Wet or damp,Darkness - lights lit,Raining,Vehicle with vehicle collision,2,1,Moving Backward,Driver or rider,Male,31-50,Slight,Self-employed,Normal,No distancing,Slight Injury
0:57:00,Night,Tuesday,18-30,Male,Junior High School,Employee,10-20,5,Lorry,Owner,2-5 years,No Defect,Office area,Two Way (Undivided),Mountainous Terrain,No junction,Asphalt roads,Wet or damp,Darkness - lights lit,Raining,Vehicle with vehicle collision,2,1,Moving Backward,Unspecified,Unknown,Unknown,No Injury,Driver,Normal,Changing lane to the left,Slight Injury
8:10:00,Morning,Friday,18-30,Male,Elementary School,Employee,5-10,4,Automobile,Owner,2-5 years,No Defect,Outside rural area,Two Way (Undivided),Mountainous Terrain,Y Shape,Asphalt roads,Dry,Daylight,Normal,Vehicle with vehicle collision,2,1,Going straight,Pedestrian,Female,18-30,Slight,Driver,Normal,Changing lane to the right,Slight Injury
8:10:00,Morning,Friday,0-17,Male,Junior High School,Employee,5-10,4,Automobile,Owner,Unknown,No Defect,Outside rural area,Two Way (Undivided),Mountainous Terrain,Y Shape,Asphalt roads,Dry,Daylight,Normal,Vehicle with vehicle collision,2,1,Going straight,Pedestrian,Male,Under 18,Slight,Driver,Normal,Moving Backward,Slight Injury
14:33:00,Afternoon,Sunday,18-30,Male,Above High School,Employee,1-2,2,Lorry,Owner,2-5 years,No Defect,Outside rural area,Two Way (Undivided),Flat Road,Crossing,Asphalt roads,Dry,Daylight,Normal,Collision with roadside objects,1,1,Going straight,Pedestrian,Female,Unknown,Slight,Other,Normal,Changing lane to the right,Serious Injury
15:33:00,Afternoon,Friday,51-100,Others,Elementary School,Employee,10-20,5,Automobile,Owner,Unknown,No Defect,Office area,Two Way (Undivided),Flat Road,No junction,Asphalt roads,Wet or damp,Daylight,Raining,Vehicle with vehicle collision,1,1,Going straight,Unspecified,Unknown,Unknown,No Injury,Employee,Normal,No distancing,Serious Injury
8:00:00,Morning,Monday,0-17,Male,Elementary School,Employee,5-10,4,Automobile,Owner,Unknown,No Defect,Recreational area,Two Way (Undivided),Flat Road,O Shape,Asphalt roads,Wet or damp,Daylight,Normal,Vehicle with vehicle collision,1,1,Going straight,Driver or rider,Female,18-30,Slight,Driver,Normal,Overtaking,Slight Injury
0:50:00,Night,Sunday,31-50,Male,Elementary School,Employee,2-5,3,Automobile,Owner,Above 10 years,No Defect,Office area,Two Way (Undivided),Flat Road,No junction,Asphalt roads,Wet or damp,Darkness - lights unlit,Raining,Vehicle with vehicle collision,2,1,Going straight,Unspecified,Unknown,Unknown,No Injury,Self-employed,Normal,Other,Serious Injury
0:50:00,Night,Sunday,Unknown,Female,Elementary School,Employee,2-5,3,Taxi,Owner,2-5 years,No Defect,Other,Two Way (Divided - Broken Line),Flat Road,No junction,Asphalt roads,Wet or damp,Darkness - lights unlit,Raining,Vehicle with vehicle collision,2,1,Unknown,Driver or rider,Female,Unknown,Slight,Driver,Unknown,Other,Serious Injury
11:20:00,Morning,Thursday,18-30,Male,Junior High School,Employee,5-10,4,Unknown,Owner,Above 10 years,No Defect,Residential area,Two Way (Divided - Broken Line),Flat Road,Y Shape,Asphalt roads,Dry,Daylight,Normal,Vehicle with vehicle collision,2,1,Other,Passenger,Male,Unknown,Slight,Driver,Normal,Changing lane to the right,Slight Injury
11:20:00,Morning,Thursday,31-50,Male,Junior High School,Employee,1-2,2,Unknown,Owner,Above 10 years,No Defect,Residential area,Other,Flat Road,Y Shape,Asphalt roads,Dry,Daylight,Normal,Vehicle with vehicle collision,2,1,Going straight,Passenger,Male,Unknown,Slight,Driver,Normal,No priority to pedestrian,Slight Injury
16:30:00,Afternoon,Saturday,18-30,Male,Junior High School,Employee,5-10,4,Automobile,Owner,Unknown,No Defect,Residential area,Two Way (Undivided),Flat Road,Y Shape,Asphalt roads,Dry,Daylight,Normal,Vehicle with vehicle collision,2,1,Unknown,Unspecified,Unknown,Unknown,No Injury,Driver,Normal,No priority to vehicle,Slight Injury
16:30:00,Afternoon,Saturday,31-50,Male,Junior High School,Employee,5-10,4,Other,Owner,Above 10 years,No Defect,Other,Two Way (Undivided),Flat Road,Y Shape,Asphalt roads,Dry,Daylight,Normal,Vehicle with vehicle collision,2,1,Overtaking,Driver or rider,Male,18-30,Serious,Self-employed,Normal,Changing lane to the left,Slight Injury
8:50:00,Morning,Friday,31-50,Male,Above High School,Employee,5-10,4,Unknown,Owner,Unknown,No Defect,Office area,Two Way (Divided - Broken Line),Flat Road,Y Shape,Asphalt roads,Dry,Daylight,Normal,Vehicle with vehicle collision,2,1,Reversing,Passenger,Male,Over 51,Slight,Self-employed,Normal,Changing lane to the left,Serious Injury
8:50:00,Morning,Friday,0-17,Male,Junior High School,Employee,10-20,5,Automobile,Owner,Unknown,Unknown,Other,Two Way (Divided - Broken Line),Flat Road,Y Shape,Asphalt roads,Dry,Daylight,Normal,Vehicle with vehicle collision,2,1,Going straight,Unspecified,Unknown,Unknown,No Injury,Driver,Normal,Overtaking,Serious Injury
2:00:00,Night,Sunday,18-30,Male,Elementary School,Employee,2-5,3,Public Transport,Owner,Above 10 years,Unknown,Other,Other,Flat Road,No junction,Asphalt roads,Dry,Darkness - no lighting,Unknown,Vehicle with vehicle collision,1,1,Other,Driver or rider,Male,31-50,Slight,Driver,Normal,No distancing,Slight Injury
8:00:00,Morning,Wednesday,18-30,Male,Junior High School,Employee,5-10,4,Public Transport,Owner,5-10 years,Unknown,Office area,Two Way (Divided - Broken Line),Flat Road,Crossing,Asphalt roads,Dry,Daylight,Normal,Collision with roadside objects,2,1,Moving Backward,Driver or rider,Male,Under 18,Slight,Self-employed,Normal,No priority to vehicle,Slight Injury
8:00:00,Morning,Wednesday,18-30,Male,Junior High School,Unknown,No License,6,Lorry,Owner,Below 1 year,Unknown,Church area,Other,Flat Road,Crossing,Asphalt roads,Dry,Daylight,Normal,Collision with roadside objects,2,1,Going straight,Driver or rider,Male,31-50,Slight,Driver,Normal,Changing lane to the right,Slight Injury
7:10:00,Morning,Wednesday,18-30,Male,Junior High School,Employee,5-10,4,Station Wagon,Owner,Unknown,No Defect,Other,Two Way (Divided - Broken Line),Flat Road,Y Shape,Asphalt roads,Dry,Daylight,Normal,Collision with roadside objects,2,1,Other,Unspecified,Unknown,Unknown,No Injury,Self-employed,Normal,Changing lane to the left,Slight Injury
7:10:00,Morning,Wednesday,18-30,Male,Junior High School,Employee,No License,6,Animal Transport,Owner,Unknown,Unknown,Other,One Way,Flat Road,Y Shape,Asphalt roads,Dry,Daylight,Normal,Collision with pedestrians,2,1,Moving Backward,Unspecified,Unknown,Unknown,No Injury,Driver,Normal,No distancing,Slight Injury
15:12:00,Afternoon,Monday,31-50,Male,Junior High School,Employee,No License,6,Station Wagon,Owner,Unknown,Unknown,Office area,Divided Road,Flat Road,Y Shape,Asphalt roads,Dry,Daylight,Normal,Vehicle with vehicle collision,1,1,Going straight,Driver or rider,Male,18-30,Slight,Driver,Normal,Driving carelessly,Slight Injury
16:43:00,Afternoon,Monday,31-50,Male,Junior High School,Employee,1-2,2,Automobile,Owner,Unknown,Unknown,Office area,One Way,Flat Road,No junction,Asphalt roads,Dry,Daylight,Normal,Vehicle with vehicle collision,1,1,Going straight,Driver or rider,Male,18-30,Slight,Driver,Normal,No priority to pedestrian,Slight Injury
23:40:00,Night,Tuesday,Unknown,Female,Above High School,Owner,5-10,4,Automobile,Owner,Unknown,Unknown,Office area,Two Way (Undivided),Flat Road,Crossing,Asphalt roads,Wet or damp,Darkness - lights lit,Raining,Collision with pedestrians,3,1,Moving Backward,Driver or rider,Female,18-30,Slight,Driver,Normal,Driving carelessly,Slight Injury
23:40:00,Night,Tuesday,18-30,Male,Junior High School,Employee,2-5,3,Other,Owner,Unknown,No Defect,Office area,Divided Road,Flat Road,Crossing,Asphalt roads,Wet or damp,Darkness - lights lit,Raining,Vehicle with vehicle collision,3,1,Going straight,Driver or rider,Male,18-30,Slight,Driver,Unknown,Moving Backward,Slight Injury
23:40:00,Night,Tuesday,Unknown,Female,Junior High School,Owner,5-10,4,Taxi,Owner,Unknown,Unknown,Unknown,Two Way (Divided - Broken Line),Flat Road,Crossing,Asphalt roads,Wet or damp,Darkness - lights lit,Raining,Vehicle with vehicle collision,3,1,Getting off,Unspecified,Unknown,Unknown,No Injury,Driver,Normal,No distancing,Slight Injury
19:30:00,Evening,Thursday,18-30,Male,High School,Employee,2-5,3,Automobile,Owner,Below 1 year,Unknown,Office area,Two Way (Undivided),Flat Road,Crossing,Asphalt roads,Dry,Daylight,Normal,Vehicle with vehicle collision,2,1,Going straight,Unspecified,Unknown,Unknown,No Injury,Driver,Normal,No distancing,Slight Injury
19:30:00,Evening,Thursday,31-50,Male,Junior High School,Employee,10-20,5,Station Wagon,Owner,Unknown,Unknown,Other,Unknown,Flat Road,Crossing,Asphalt roads,Dry,Daylight,Normal,Vehicle with vehicle collision,2,1,Going straight,Driver or rider,Male,31-50,Slight,Driver,Unknown,No distancing,Slight Injury
14:15:00,Afternoon,Monday,51-100,Male,Junior High School,Employee,0-1,1,Automobile,Owner,Unknown,Unknown,Other,Divided Road,Flat Road,Crossing,Asphalt roads,Wet or damp,Daylight,Windy,Vehicle with vehicle collision,2,3,Moving Backward,Unspecified,Unknown,Unknown,No Injury,Driver,Normal,Changing lane to the left,Slight Injury
14:15:00,Afternoon,Monday,51-100,Male,Junior High School,Employee,0-1,1,Public Transport,Governmental,Unknown,Unknown,Other,Two Way (Divided - Broken Line),Flat Road,Crossing,Asphalt roads,Wet or damp,Daylight,Windy,Vehicle with vehicle collision,2,3,Going straight,Passenger,Male,31-50,Slight,Self-employed,Normal,Changing lane to the left,Slight Injury
14:15:00,Afternoon,Monday,51-100,Male,Junior High School,Owner,No License,6,Automobile,Owner,Unknown,Unknown,Office area,Unknown,Flat Road,Crossing,Asphalt roads,Wet or damp,Daylight,Windy,Collision with roadside objects,2,3,Going straight,Passenger,Male,Unknown,Slight,Driver,Normal,Moving Backward,Slight Injury
15:20:00,Afternoon,Thursday,18-30,Male,Junior High School,Employee,2-5,3,Public Transport,Owner,Unknown,Unknown,Office area,Unknown,Flat Road,Y Shape,Asphalt roads,Dry,Daylight,Normal,Collision with pedestrians,3,3,Going straight,Pedestrian,Female,18-30,Slight,Driver,Normal,Changing lane to the right,Slight Injury
15:20:00,Afternoon,Thursday,31-50,Male,Junior High School,Unknown,No License,6,Lorry,Owner,Unknown,Unknown,Office area,Two Way (Divided - Broken Line),Flat Road,Y Shape,Asphalt roads,Dry,Daylight,Normal,Vehicle with vehicle collision,3,3,Going straight,Pedestrian,Male,Under 18,Slight,Self-employed,Normal,No priority to vehicle,Slight Injury
15:20:00,Afternoon,Thursday,31-50,Male,Elementary School,Employee,No License,6,Public Transport,Governmental,Unknown,No Defect,Office area,Two Way (Divided - Broken Line),Flat Road,Y Shape,Asphalt roads,Dry,Daylight,Normal,Vehicle with vehicle collision,3,3,Going straight,Passenger,Female,Under 18,Slight,Driver,Normal,Moving Backward,Slight Injury
15:20:00,Afternoon,Thursday,31-50,Male,Junior High School,Employee,10-20,5,Unknown,Owner,2-5 years,Unknown,Church area,Two Way (Undivided),Flat Road,Y Shape,Asphalt roads,Dry,Daylight,Normal,Collision with roadside objects,3,3,Moving Backward,Driver or rider,Male,Over 51,Slight,Employee,Normal,Driving carelessly,Slight Injury