Time,Time_Period,Day_of_week,Age_band_of_driver,Sex_of_driver,Educational_level,Vehicle_driver_relation,Driving_experience,Exp_Order,Type_of_vehicle,Owner_of_vehicle,Service_year_of_vehicle,Defect_of_vehicle,Area_accident_occured,Lanes_or_Medians,Road_allignment,Types_of_Junction,Road_surface_type,Road_surface_conditions,Light_conditions,Weather_conditions,Type_of_collision,Number_of_vehicles_involved,Number_of_casualties,Vehicle_movement,Casualty_class,Sex_of_casualty,Age_band_of_casualty,Casualty_severity,Work_of_casuality,Fitness_of_casuality,Cause_of_accident,Accident_severity
12:15:00,Afternoon,Monday,51-100,Male,Junior High School,Owner,10-20,5,Unknown,Governmental,Unknown,Unknown,Office area,Two Way (Divided - Broken Line),Flat Road,Y Shape,Asphalt roads,Wet or damp,Daylight,Normal,Vehicle with vehicle collision,2,3,Going straight,Unspecified,Unknown,Unknown,No Injury,Driver,Normal,Driving carelessly,Slight Injury
12:15:00,Afternoon,Monday,31-50,Male,Junior High School,Employee,10-20,5,Automobile,Governmental,Unknown,Unknown,Residential area,Two Way (Divided - Broken Line),Flat Road,Y Shape,Asphalt roads,Wet or damp,Daylight,Normal,Vehicle with vehicle collision,2,3,Going straight,Unspecified,Unknown,Unknown,No Injury,Driver,Unknown,Driving under the influence of drugs,Slight Injury
12:15:00,Afternoon,Monday,31-50,Male,Junior High School,Employee,10-20,5,Automobile,Owner,Unknown,Unknown,School area,Two Way (Divided - Broken Line),Flat Road,Y Shape,Asphalt roads,Wet or damp,Daylight,Normal,Vehicle with vehicle collision,2,3,Moving Backward,Driver or rider,Male,18-30,Slight,Driver,Normal,No priority to pedestrian,Slight Injury
12:15:00,Afternoon,Monday,31-50,Male,Junior High School,Owner,5-10,4,Lorry,Owner,Unknown,Unknown,Office area,Two Way (Undivided),Flat Road,Y Shape,Asphalt roads,Wet or damp,Daylight,Normal,Vehicle with vehicle collision,2,3,Moving Backward,Unspecified,Unknown,Unknown,No Injury,Driver,Normal,No priority to vehicle,Slight Injury
11:30:00,Morning,Tuesday,18-30,Male,Junior High School,Employee,0-1,1,Automobile,Owner,5-10 years,Unknown,Other,Two Way (Undivided),Flat Road,Unknown,Asphalt roads,Wet or damp,Daylight,Normal,Vehicle with vehicle collision,1,1,Going straight,Driver or rider,Male,18-30,Slight,Driver,Normal,Driving carelessly,Slight Injury
0:40:00,Night,Saturday,0-17,Male,Junior High School,Employee,2-5,3,Public Transport,Owner,Unknown,Unknown,Other,Divided Road,Flat Road,Y Shape,Asphalt roads,Dry,Darkness - lights lit,Normal,Vehicle with vehicle collision,2,1,Going straight,Driver or rider,Male,18-30,Slight,Driver,Normal,Moving Backward,Serious Injury
0:40:00,Night,Saturday,18-30,Male,Junior High School,Employee,No License,6,Automobile,Governmental,Unknown,No Defect,Other,Divided Road,Flat Road,Y Shape,Asphalt roads,Dry,Darkness - lights lit,Normal,Vehicle with vehicle collision,2,1,Going straight,Unspecified,Unknown,Unknown,No Injury,Driver,Unknown,Driving carelessly,Serious Injury
16:50:00,Afternoon,Thursday,31-50,Male,Above High School,Employee,1-2,2,Public Transport,Owner,5-10 years,No Defect,Other,Two Way (Divided - Broken Line),Flat Road,No junction,Asphalt roads,Dry,Daylight,Normal,Vehicle with vehicle collision,1,1,Going straight,Driver or rider,Female,18-30,Slight,Driver,Normal,No priority to vehicle,Slight Injury
5:15:00,Morning,Wednesday,31-50,Male,Junior High School,Employee,1-2,2,Lorry,Owner,Unknown,No Defect,Office area,Divided Road,Flat Road,Y Shape,Asphalt roads,Dry,Daylight,Normal,Collision with roadside objects,2,1,Going straight,Unspecified,Unknown,Unknown,No Injury,Driver,Normal,Changing lane to the right,Slight Injury
5:15:00,Morning,Wednesday,18-30,Male,Junior High School,Employee,1-2,2,Automobile,Owner,Unknown,Unknown,Office area,Two Way (Divided - Broken Line),Flat Road,Y Shape,Asphalt roads,Dry,Daylight,Normal,Collision with roadside objects,2,1,Going straight,Pedestrian,Female,Under 18,Slight,Employee,Unknown,Changing lane to the left,Slight Injury
19:00:00,Evening,Wednesday,18-30,Male,Unknown,Employee,5-10,4,Lorry,Owner,Unknown,Unknown,Office area,Unknown,Flat Road,Crossing,Asphalt roads,Dry,Daylight,Normal,Collision with roadside objects,2,1,Going straight,Driver or rider,Female,31-50,Slight,Driver,Normal,No priority to vehicle,Slight Injury
19:00:00,Evening,Wednesday,18-30,Male,Junior High School,Employee,10-20,5,Public Transport,Owner,Unknown,Unknown,Office area,Unknown,Flat Road,Crossing,Asphalt roads,Dry,Daylight,Normal,Vehicle with vehicle collision,2,1,Going straight,Unspecified,Unknown,Unknown,No Injury,Driver,Unknown,Driving carelessly,Slight Injury
4:10:00,Night,Sunday,18-30,Male,Junior High School,Employee,10-20,5,Public Transport,Owner,Unknown,Unknown,Office area,One Way,Flat Road,Y Shape,Asphalt roads,Dry,Daylight,Normal,Collision with pedestrians,1,4,Going straight,Pedestrian,Male,18-30,Serious,Driver,Normal,Moving Backward,Slight Injury
4:10:00,Night,Sunday,18-30,Male,Junior High School,Employee,5-10,4,Unknown,Owner,Unknown,Unknown,Office area,Two Way (Divided - Broken Line),Flat Road,Y Shape,Asphalt roads,Dry,Daylight,Normal,Vehicle with vehicle collision,1,4,Going straight,Driver or rider,Male,18-30,Slight,Driver,Normal,No distancing,Slight Injury
4:10:00,Night,Sunday,18-30,Male,Junior High School,Employee,2-5,3,Lorry,Owner,Unknown,Unknown,Office area,Unknown,Flat Road,Y Shape,Asphalt roads,Dry,Daylight,Normal,Collision with pedestrians,1,4,Other,Unspecified,Unknown,Unknown,No Injury,Driver,Normal,Changing lane to the left,Slight Injury
4:10:00,Night,Sunday,18-30,Male,Junior High School,Employee,0-1,1,Lorry,Owner,5-10 years,Unknown,Other,Two Way (Undivided),Flat Road,Y Shape,Asphalt roads,Dry,Daylight,Normal,Vehicle with vehicle collision,1,4,Going straight,Unspecified,Unknown,Unknown,No Injury,Self-employed,Normal,Changing lane to the left,Slight Injury
9:02:00,Morning,Wednesday,18-30,Male,Junior High School,Employee,1-2,2,Lorry,Owner,Unknown,No Defect,Other,Two Way (Divided - Broken Line),Flat Road,Crossing,Asphalt roads,Dry,Daylight,Normal,Collision with pedestrians,3,1,Reversing,Driver or rider,Male,31-50,Slight,Driver,Normal,No distancing,Serious Injury
9:02:00,Morning,Wednesday,31-50,Male,Junior High School,Employee,5-10,4,Lorry,Owner,2-5 years,No Defect,Residential area,Two Way (Divided - Broken Line),Flat Road,Crossing,Asphalt roads,Dry,Daylight,Normal,Vehicle with vehicle collision,3,1,Going straight,Passenger,Female,Over 51,Slight,Employee,Normal,Changing lane to the left,Serious Injury
9:02:00,Morning,Wednesday,31-50,Male,Junior High School,Employee,0-1,1,Public Transport,Owner,Unknown,No Defect,Other,Two Way (Divided - Broken Line),Flat Road,Crossing,Asphalt roads,Dry,Daylight,Normal,Vehicle with vehicle collision,3,1,Reversing,Driver or rider,Male,18-30,Slight,Driver,Unknown,Driving carelessly,Serious Injury
13:40:00,Afternoon,Sunday,18-30,Male,Elementary School,Employee,5-10,4,Unknown,Owner,5-10 years,No Defect,Other,Two Way (Divided - Broken Line),Flat Road,Crossing,Asphalt roads,Dry,Daylight,Normal,Vehicle with vehicle collision,4,7,Going straight,Unspecified,Unknown,Unknown,No Injury,Driver,Normal,Changing lane to the left,Slight Injury
13:40:00,Afternoon,Sunday,18-30,Male,Junior High School,Employee,2-5,3,Taxi,Governmental,Unknown,No Defect,Other,Two Way (Divided - Broken Line),Flat Road,Crossing,Asphalt roads,Dry,Daylight,Normal,Vehicle with vehicle collision,4,7,Reversing,Pedestrian,Male,31-50,Serious,Driver,Normal,No distancing,Slight Injury
13:40:00,Afternoon,Sunday,18-30,Male,Junior High School,Employee,5-10,4,Unknown,Owner,5-10 years,Unknown,Other,Two Way (Undivided),Flat Road,Crossing,Asphalt roads,Dry,Daylight,Normal,Vehicle with vehicle collision,4,7,Unknown,Driver or rider,Male,18-30,Slight,Self-employed,Unknown,Changing lane to the right,Slight Injury
13:40:00,Afternoon,Sunday,31-50,Male,Elementary School,Employee,5-10,4,Automobile,Owner,Unknown,Unknown,Industrial area,Two Way (Undivided),Flat Road,Crossing,Asphalt roads,Dry,Daylight,Normal,Vehicle with vehicle collision,4,7,Going straight,Unspecified,Unknown,Unknown,No Injury,Driver,Normal,No distancing,Slight Injury
13:40:00,Afternoon,Sunday,31-50,Male,Junior High School,Employee,10-20,5,Unknown,Owner,5-10 years,Unknown,Industrial area,Two Way (Undivided),Flat Road,Crossing,Asphalt roads,Dry,Daylight,Normal,Vehicle with vehicle collision,4,7,Reversing,Driver or rider,Male,18-30,Slight,Self-employed,Normal,Driving to the left,Slight Injury
13:40:00,Afternoon,Sunday,31-50,Male,Junior High School,Employee,1-2,2,Lorry,Owner,Unknown,No Defect,Church area,Divided Road,Flat Road,Crossing,Asphalt roads,Dry,Daylight,Normal,Vehicle with vehicle collision,4,7,Other,Unspecified,Unknown,Unknown,No Injury,Self-employed,Unknown,No distancing,Slight Injury
13:40:00,Afternoon,Sunday,18-30,Male,High School,Employee,0-1,1,Automobile,Owner,Unknown,No Defect,Other,Two Way (Undivided),Flat Road,Crossing,Asphalt roads,Dry,Daylight,Normal,Vehicle with vehicle collision,4,7,Going straight,Driver or rider,Male,31-50,Slight,Driver,Normal,Overtaking,Slight Injury
13:40:00,Afternoon,Sunday,18-30,Male,Elementary School,Employee,10-20,5,Automobile,Owner,Above 10 years,Unknown,Other,Two Way (Undivided),Flat Road,Crossing,Asphalt roads,Dry,Daylight,Normal,Vehicle with vehicle collision,4,7,Going straight,Unspecified,Unknown,Unknown,No Injury,Driver,Normal,Driving under the influence of drugs,Slight Injury
17:00:00,Evening,Sunday,51-100,Male,High School,Owner,1-2,2,Lorry,Owner,Unknown,No Defect,Office area,Two Way (Undivided),Flat Road,No junction,Asphalt roads,Dry,Daylight,Normal,Vehicle with vehicle collision,1,1,Going straight,Driver or rider,Male,18-30,Slight,Driver,Normal,No priority to pedestrian,Slight Injury
15:27:00,Afternoon,Monday,31-50,Male,Junior High School,Employee,2-5,3,Automobile,Owner,Unknown,No Defect,Office area,Two Way (Undivided),Flat Road,Crossing,Asphalt roads,Dry,Daylight,Normal,Vehicle with vehicle collision,2,1,Moving Backward,Unspecified,Unknown,Unknown,No Injury,Other,Normal,Moving Backward,Slight Injury
15:27:00,Afternoon,Monday,18-30,Male,Junior High School,Employee,5-10,4,Automobile,Governmental,Below 1 year,Unknown,Residential area,Two Way (Divided - Broken Line),Flat Road,Crossing,Asphalt roads,Dry,Daylight,Normal,Rollover,2,1,Going straight,Driver or rider,Male,31-50,Slight,Self-employed,Normal,Changing lane to the right,Slight Injury
16:00:00,Afternoon,Wednesday,18-30,Male,High School,Owner,2-5,3,Automobile,Owner,Unknown,No Defect,Industrial area,Two Way (Undivided),Flat Road,Y Shape,Asphalt roads,Dry,Daylight,Normal,Collision with roadside objects,2,1,Going straight,Unspecified,Unknown,Unknown,No Injury,Self-employed,Normal,Changing lane to the left,Slight Injury
16:00:00,Afternoon,Wednesday,31-50,Male,High School,Employee,10-20,5,Taxi,Owner,Unknown,No Defect,Office area,Two Way (Undivided),Flat Road,Y Shape,Asphalt roads,Dry,Daylight,Normal,Vehicle with vehicle collision,2,1,Going straight,Unspecified,Unknown,Unknown,No Injury,Driver,Normal,Changing lane to the right,Slight Injury
7:45:00,Morning,Wednesday,31-50,Male,Junior High School,Employee,1-2,2,Unknown,Owner,Unknown,No Defect,Other,Two Way (Undivided),Flat Road,Y Shape,Asphalt roads,Dry,Daylight,Normal,Vehicle with vehicle collision,2,1,Going straight,Driver or rider,Female,31-50,Slight,Employee,Unknown,Driving under the influence of drugs,Slight Injury
7:45:00,Morning,Wednesday,18-30,Male,Elementary School,Employee,1-2,2,Unknown,Owner,Unknown,Unknown,Other,Two Way (Divided - Broken Line),Flat Road,Y Shape,Asphalt roads,Dry,Daylight,Normal,Vehicle with vehicle collision,2,1,Other,Driver or rider,Male,18-30,Slight,Driver,Normal,No priority to vehicle,Slight Injury
23:30:00,Night,Friday,18-30,Male,High School,Employee,1-2,2,Automobile,Owner,Unknown,No Defect,Residential area,Two Way (Undivided),Flat Road,No junction,Asphalt roads,Dry,Darkness - lights lit,Normal,Collision with pedestrians,2,1,Unknown,Unspecified,Unknown,Unknown,No Injury,Driver,Normal,No priority to vehicle,Serious Injury
23:30:00,Night,Friday,18-30,Male,Above High School,Employee,5-10,4,Other,Owner,Unknown,Unknown,Office area,Two Way (Divided - Broken Line),Flat Road,No junction,Asphalt roads,Dry,Darkness - lights lit,Normal,Collision with pedestrians,2,1,Going straight,Passenger,Female,Over 51,Slight,Driver,Normal,Changing lane to the left,Serious Injury
15:40:00,Afternoon,Thursday,18-30,Others,Junior High School,Unknown,No License,6,Unknown,Organization,Unknown,Unknown,Residential area,Other,Flat Road,Crossing,Asphalt roads,Dry,Daylight,Normal,Vehicle with vehicle collision,2,1,Turnover,Passenger,Female,Over 51,Slight,Driver,Normal,Changing lane to the right,Slight Injury
15:40:00,Afternoon,Thursday,31-50,Male,Junior High School,Employee,5-10,4,Automobile,Owner,Unknown,Unknown,Office area,Two Way (Divided - Broken Line),Flat Road,Crossing,Asphalt roads,Dry,Daylight,Normal,Vehicle with vehicle collision,2,1,Going straight,Passenger,Female,18-30,Slight,Self-employed,Normal,Changing lane to the right,Slight Injury
15:25:00,Afternoon,Thursday,51-100,Male,Elementary School,Owner,5-10,4,Public Transport,Owner,Unknown,Unknown,Church area,Two Way (Divided - Broken Line),Flat Road,No junction,Asphalt roads,Dry,Daylight,Normal,Collision with pedestrians,1,1,Moving Backward,Passenger,Male,Under 18,Slight,Driver,Normal,Changing lane to the left,Serious Injury
16:07:00,Afternoon,Sunday,0-17,Male,Elementary School,Employee,5-10,4,Public Transport,Organization,5-10 years,Unknown,Residential area,Two Way (Divided - Broken Line),Flat Road,Y Shape,Asphalt roads,Dry,Daylight,Normal,Collision with pedestrians,3,6,Moving Backward,Passenger,Male,Unknown,Slight,Other,Normal,Changing lane to the left,Slight Injury
16:07:00,Afternoon,Sunday,0-17,Male,High School,Owner,5-10,4,Lorry,Owner,Above 10 years,Unknown,School area,Other,Flat Road,Y Shape,Asphalt roads,Dry,Daylight,Normal,Collision with pedestrians,3,6,Going straight,Passenger,Female,18-30,Slight,Driver,Normal,Getting off the vehicle improperly,Slight Injury
16:07:00,Afternoon,Sunday,31-50,Male,Junior High School,Employee,5-10,4,Station Wagon,Owner,5-10 years,Unknown,Hospital area,Other,Steep Downward,Y Shape,Earth roads,Dry,Daylight,Normal,Vehicle with vehicle collision,3,6,Other,Passenger,Female,Under 18,Slight,Driver,Normal,Overtaking,Slight Injury
16:07:00,Afternoon,Sunday,31-50,Male,Junior High School,Owner,1-2,2,Animal Transport,Owner,2-5 years,Unknown,Other,Two Way (Undivided),Flat Road,Y Shape,Asphalt roads,Dry,Daylight,Normal,Collision with roadside objects,3,6,Going straight,Passenger,Female,18-30,Slight,Driver,Unknown,Changing lane to the left,Slight Injury
16:07:00,Afternoon,Sunday,31-50,Male,Junior High School,Employee,2-5,3,Station Wagon,Owner,Unknown,Unknown,School area,Divided Road,Flat Road,Y Shape,Asphalt roads,Dry,Daylight,Normal,Vehicle with vehicle collision,3,6,Going straight,Passenger,Female,Under 18,Slight,Driver,Normal,Driving under the influence of drugs,Slight Injury
16:07:00,Afternoon,Sunday,31-50,Male,Junior High School,Owner,5-10,4,Automobile,Owner,Above 10 years,No Defect,Other,Other,Flat Road,Y Shape,Asphalt roads,Dry,Daylight,Normal,Vehicle with vehicle collision,3,6,Going straight,Passenger,Female,Under 18,Slight,Driver,Normal,Driving carelessly,Slight Injury
17:50:00,Evening,Saturday,0-17,Male,Junior High School,Owner,10-20,5,Automobile,Owner,5-10 years,Unknown,Industrial area,Two Way (Undivided),Flat Road,Crossing,Asphalt roads,Dry,Daylight,Normal,Collision with roadside objects,2,1,Going straight,Passenger,Female,Under 18,Slight,Driver,Unknown,Moving Backward,Slight Injury
17:50:00,Evening,Saturday,31-50,Male,High School,Employee,5-10,4,Other,Owner,Unknown,No Defect,Church area,Two Way (Divided - Broken Line),Flat Road,Crossing,Earth roads,Dry,Daylight,Normal,Vehicle with vehicle collision,2,1,Going straight,Pedestrian,Male,18-30,Slight,Driver,Normal,No distancing,Slight Injury
19:35:00,Evening,Thursday,18-30,Male,High School,Owner,2-5,3,Taxi,Owner,Unknown,No Defect,Office area,Two Way (Divided - Broken Line),Flat Road,Y Shape,Asphalt roads,Dry,Daylight,Normal,Vehicle with vehicle collision,2,1,Going straight,Driver or rider,Male,31-50,Slight,Driver,Normal,No priority to vehicle,Slight Injury
19:35:00,Evening,Thursday,0-17,Male,Junior High School,Employee,5-10,4,Automobile,Owner,Unknown,No Defect,Other,Two Way (Divided - Broken Line),Flat Road,Y Shape,Asphalt roads,Dry,Daylight,Normal,Vehicle with vehicle collision,2,1,Going straight,Unspecified,Unknown,Unknown,No Injury,Driver,Normal,Overturning,Slight Injury
21:33:00,Night,Saturday,18-30,Male,Elementary School,Employee,2-5,3,Station Wagon,Owner,Unknown,No Defect,Office area,Divided Road,Flat Road,No junction,Earth roads,Dry,Daylight,Normal,Vehicle with vehicle collision,1,1,Going straight,Driver or rider,Male,31-50,Slight,Self-employed,Normal,Changing lane to the left,Slight Injury
8:00:00,Morning,Tuesday,51-100,Male,Elementary School,Employee,5-10,4,Automobile,Owner,Unknown,No Defect,Office area,Divided Road,Flat Road,Y Shape,Asphalt roads,Dry,Daylight,Normal,Collision with pedestrians,2,1,Other,Driver or rider,Male,18-30,Slight,Driver,Normal,No distancing,Slight Injury
8:00:00,Morning,Tuesday,31-50,Male,Junior High School,Employee,1-2,2,Public Transport,Governmental,Unknown,No Defect,Office area,Divided Road,Flat Road,Y Shape,Asphalt roads,Dry,Daylight,Normal,Rollover,2,1,Going straight,Passenger,Female,31-50,Slight,Driver,Normal,Moving Backward,Slight Injury
21:05:00,Night,Wednesday,18-30,Male,Junior High School,Employee,5-10,4,Unknown,Owner,Unknown,No Defect,Residential area,Divided Road,Flat Road,Y Shape,Asphalt roads,Dry,Darkness - lights lit,Normal,Vehicle with vehicle collision,2,1,Overtaking,Unspecified,Unknown,Unknown,No Injury,Driver,Normal,No priority to vehicle,Slight Injury
21:05:00,Night,Wednesday,51-100,Male,Junior High School,Unknown,No License,6,Automobile,Owner,Unknown,No Defect,Office area,Divided Road,Flat Road,Y Shape,Asphalt roads,Dry,Darkness - lights lit,Normal,Vehicle with vehicle collision,2,1,Going straight,Driver or rider,Male,Under 18,Slight,Driver,Normal,No priority to vehicle,Slight Injury
8:40:00,Morning,Monday,18-30,Male,Elementary School,Employee,10-20,5,Lorry,Owner,2-5 years,Unknown,Other,Two Way (Undivided),Flat Road,Y Shape,Asphalt roads,Dry,Daylight,Normal,Vehicle with vehicle collision,2,1,Going straight,Unspecified,Unknown,Unknown,No Injury,Driver,Normal,No distancing,Slight Injury
8:40:00,Morning,Monday,31-50,Male,Elementary School,Employee,0-1,1,Unknown,Owner,2-5 years,Unknown,Industrial area,One Way,Unknown,Y Shape,Asphalt roads,Dry,Daylight,Normal,Collision with roadside objects,2,1,Going straight,Passenger,Female,18-30,Slight,Driver,Normal,No distancing,Slight Injury
16:55:00,Afternoon,Monday,18-30,Male,Junior High School,Employee,2-5,3,Public Transport,Owner,Unknown,No Defect,Other,One Way,Flat Road,Y Shape,Asphalt roads,Wet or damp,Daylight,Raining,Vehicle with vehicle collision,2,1,U-Turn,Passenger,Female,31-50,Slight,Driver,Unknown,Overtaking,Slight Injury
16:55:00,Afternoon,Monday,51-100,Male,Elementary School,Owner,1-2,2,Unknown,Owner,Unknown,No Defect,Office area,Divided Road,Flat Road,Y Shape,Asphalt roads,Wet or damp,Daylight,Raining,Rollover,2,1,Going straight,Driver or rider,Female,18-30,Slight,Driver,Normal,Driving under the influence of drugs,Slight Injury
9:49:00,Morning,Saturday,18-30,Male,Junior High School,Owner,5-10,4,Public Transport,Governmental,Unknown,Unknown,Office area,Two Way (Divided - Broken Line),Flat Road,Crossing,Asphalt roads,Dry,Daylight,Normal,Collision with roadside objects,2,3,Going straight,Unspecified,Unknown,Unknown,No Injury,Driver,Unknown,Changing lane to the right,Slight Injury
9:49:00,Morning,Saturday,31-50,Male,Junior High School,Employee,2-5,3,Public Transport,Governmental,Unknown,No Defect,Unknown,Divided Road,Flat Road,Crossing,Asphalt roads,Dry,Daylight,Normal,Vehicle with vehicle collision,2,3,Going straight,Driver or rider,Female,18-30,Slight,Driver,Normal,Changing lane to the left,Slight Injury
9:49:00,Morning,Saturday,31-50,Male,Junior High School,Employee,2-5,3,Automobile,Owner,Unknown,Unknown,Other,Unknown,Flat Road,Crossing,Asphalt roads,Dry,Daylight,Normal,Vehicle with vehicle collision,2,3,Going straight,Pedestrian,Female,18-30,Slight,Driver,Normal,Driving carelessly,Slight Injury
9:49:00,Morning,Saturday,31-50,Male,High School,Employee,2-5,3,Unknown,Owner,Unknown,Unknown,Office area,Divided Road,Flat Road,Crossing,Asphalt roads,Dry,Daylight,Normal,Vehicle with vehicle collision,2,3,Turnover,Pedestrian,Male,31-50,Slight,Other,Normal,Moving Backward,Slight Injury
16:55:00,Afternoon,Sunday,18-30,Male,Junior High School,Employee,10-20,5,Automobile,Owner,Unknown,No Defect,Office area,Two Way (Divided - Broken Line),Flat Road,No junction,Asphalt roads with some distress,Wet or damp,Daylight,Normal,Vehicle with vehicle collision,2,1,Going straight,Pedestrian,Female,18-30,Slight,Self-employed,Normal,Moving Backward,Slight Injury
16:55:00,Afternoon,Sunday,18-30,Male,Junior High School,Employee,2-5,3,Lorry,Owner,5-10 years,Unknown,Office area,Two Way (Undivided),Flat Road,No junction,Asphalt roads,Wet or damp,Daylight,Normal,Vehicle with vehicle collision,2,1,Going straight,Unspecified,Unknown,Unknown,No Injury,Driver,Unknown,Changing lane to the right,Slight Injury
10:20:00,Morning,Friday,51-100,Male,Junior High School,Employee,1-2,2,Public Transport,Owner,Unknown,Unknown,Other,Two Way (Undivided),Flat Road,Crossing,Asphalt roads,Dry,Daylight,Normal,Vehicle with vehicle collision,3,1,Moving Backward,Driver or rider,Male,18-30,Slight,Driver,Normal,No priority to vehicle,Slight Injury
10:20:00,Morning,Friday,31-50,Male,Junior High School,Employee,2-5,3,Lorry,Owner,Unknown,No Defect,Other,Two Way (Undivided),Flat Road,Crossing,Asphalt roads,Dry,Daylight,Normal,Collision with pedestrians,3,1,Going straight,Unspecified,Unknown,Unknown,No Injury,Self-employed,Unknown,Driving at high speed,Slight Injury
10:20:00,Morning,Friday,18-30,Male,Junior High School,Employee,5-10,4,Automobile,Owner,Unknown,No Defect,Recreational area,Two Way (Undivided),Flat Road,Crossing,Asphalt roads,Dry,Daylight,Normal,Vehicle with vehicle collision,3,1,Moving Backward,Driver or rider,Male,31-50,Slight,Driver,Unknown,Driving under the influence of drugs,Slight Injury
18:28:00,Evening,Saturday,0-17,Male,Junior High School,Employee,1-2,2,Automobile,Owner,Unknown,No Defect,Church area,Two Way (Undivided),Flat Road,Y Shape,Asphalt roads,Dry,Daylight,Normal,Vehicle with vehicle collision,2,1,Going straight,Unspecified,Unknown,Unknown,No Injury,Driver,Unknown,Changing lane to the right,Slight Injury
18:28:00,Evening,Saturday,31-50,Male,Elementary School,Employee,1-2,2,Automobile,Other,1-2 years,No Defect,Recreational area,Other,Flat Road,Y Shape,Asphalt roads,Dry,Daylight,Normal,Collision with roadside objects,2,1,Going straight,Driver or rider,Male,Over 51,Slight,Driver,Unknown,Driving carelessly,Slight Injury
15:45:00,Afternoon,Friday,31-50,Male,Junior High School,Employee,2-5,3,Bajaj,Owner,5-10 years,No Defect,School area,Other,Flat Road,Y Shape,Asphalt roads,Dry,Daylight,Normal,Vehicle with vehicle collision,3,2,Going straight,Unspecified,Unknown,Unknown,No Injury,Driver,Normal,No distancing,Slight Injury
15:45:00,Afternoon,Friday,18-30,Male,Junior High School,Employee,10-20,5,Public Transport,Owner,Unknown,No Defect,Church area,Divided Road,Flat Road,Y Shape,Asphalt roads,Dry,Daylight,Normal,Vehicle with vehicle collision,3,2,Going straight,Driver or rider,Male,31-50,Slight,Unemployed,Normal,Changing lane to the left,Slight Injury
15:45:00,Afternoon,Friday,31-50,Male,Junior High School,Employee,0-1,1,Lorry,Owner,5-10 years,Unknown,Office area,Unknown,Flat Road,Y Shape,Asphalt roads,Dry,Daylight,Normal,Vehicle with vehicle collision,3,2,U-Turn,Driver or rider,Male,18-30,Slight,Driver,Normal,No distancing,Slight Injury
0:11:00,Night,Sunday,Unknown,Female,Junior High School,Employee,10-20,5,Unknown,Owner,2-5 years,Unknown,Residential area,One Way,Steep Downward,Y Shape,Asphalt roads,Dry,Darkness - lights lit,Normal,Collision with roadside objects,1,1,Going straight,Unspecified,Unknown,Unknown,No Injury,Driver,Normal,No distancing,Slight Injury
8:01:00,Morning,Thursday,31-50,Male,Elementary School,Owner,5-10,4,Unknown,Owner,Unknown,No Defect,Other,One Way,Flat Road,No junction,Asphalt roads,Dry,Daylight,Normal,Vehicle with vehicle collision,2,1,Going straight,Driver or rider,Male,31-50,Slight,Driver,Unknown,Getting off the vehicle improperly,Slight Injury
8:01:00,Morning,Thursday,31-50,Male,Elementary School,Employee,10-20,5,Automobile,Owner,Unknown,No Defect,Other,Two Way (Undivided),Flat Road,No junction,Asphalt roads,Dry,Daylight,Normal,Vehicle with vehicle collision,2,1,Going straight,Unspecified,Unknown,Unknown,No Injury,Driver,Normal,Overtaking,Slight Injury
9:07:00,Morning,Saturday,18-30,Male,Junior High School,Employee,1-2,2,Lorry,Governmental,1-2 years,No Defect,Industrial area,One Way,Flat Road,Y Shape,Asphalt roads,Wet or damp,Daylight,Normal,Vehicle with vehicle collision,2,2,Going straight,Driver or rider,Male,31-50,Slight,Driver,Normal,Driving carelessly,Slight Injury
9:07:00,Morning,Saturday,31-50,Male,Junior High School,Unknown,No License,6,Lorry,Governmental,1-2 years,No Defect,Church area,Other,Steep Downward,Y Shape,Asphalt roads,Wet or damp,Daylight,Normal,Vehicle with vehicle collision,2,2,Going straight,Unspecified,Unknown,Unknown,No Injury,Driver,Normal,Driving under the influence of drugs,Slight Injury
7:41:00,Morning,Wednesday,51-100,Male,High School,Owner,5-10,4,Other,Organization,1-2 years,No Defect,Office area,Other,Flat Road,Unknown,Asphalt roads,Wet or damp,Daylight,Raining,Vehicle with vehicle collision,2,2,Going straight,Driver or rider,Male,31-50,Serious,Self-employed,Normal,Moving Backward,Slight Injury
7:41:00,Morning,Wednesday,31-50,Male,Elementary School,Employee,2-5,3,Lorry,Owner,Unknown,No Defect,Office area,Two Way (Undivided),Flat Road,Unknown,Asphalt roads,Wet or damp,Daylight,Raining,Vehicle with vehicle collision,2,2,Stopping,Unspecified,Unknown,Unknown,No Injury,Driver,Unknown,Overturning,Slight Injury
7:41:00,Morning,Wednesday,31-50,Male,Junior High School,Unknown,No License,6,Station Wagon,Owner,Unknown,Unknown,Office area,Divided Road,Flat Road,Unknown,Asphalt roads,Wet or damp,Daylight,Raining,Vehicle with vehicle collision,2,2,Turnover,Unspecified,Unknown,Unknown,No Injury,Driver,Normal,Driving under the influence of drugs,Slight Injury
17:20:00,Evening,Wednesday,0-17,Male,Junior High School,Unknown,No License,6,Other,Owner,2-5 years,Unknown,Other,Two Way (Divided - Broken Line),Flat Road,Unknown,Asphalt roads,Dry,Daylight,Normal,Collision with roadside objects,2,1,Getting off,Driver or rider,Female,18-30,Slight,Unknown,Normal,Changing lane to the right,Slight Injury
17:20:00,Evening,Wednesday,31-50,Male,High School,Owner,1-2,2,Other,Owner,Unknown,Unknown,Office area,Two Way (Undivided),Flat Road,Unknown,Asphalt roads,Dry,Daylight,Normal,Vehicle with vehicle collision,2,1,Moving Backward,Driver or rider,Male,18-30,Slight,Driver,Unknown,Changing lane to the left,Slight Injury