Time,Time_Period,Day_of_week,Age_band_of_driver,Sex_of_driver,Educational_level,Vehicle_driver_relation,Driving_experience,Exp_Order,Type_of_vehicle,Owner_of_vehicle,Service_year_of_vehicle,Defect_of_vehicle,Area_accident_occured,Lanes_or_Medians,Road_allignment,Types_of_Junction,Road_surface_type,Road_surface_conditions,Light_conditions,Weather_conditions,Type_of_collision,Number_of_vehicles_involved,Number_of_casualties,Vehicle_movement,Casualty_class,Sex_of_casualty,Age_band_of_casualty,Casualty_severity,Work_of_casuality,Fitness_of_casuality,Cause_of_accident,Accident_severity
12:46:00,Afternoon,Tuesday,18-30,Male,Unknown,Employee,10-20,5,Other,Owner,Above 10 years,No Defect,Office area,Two Way (Divided - Broken Line),Flat Road,Y Shape,Asphalt roads,Dry,Daylight,Normal,Vehicle with vehicle collision,2,3,Going straight,Passenger,Male,18-30,Slight,Driver,Normal,Driving carelessly,Slight Injury
21:10:00,Night,Monday,18-30,Male,Elementary School,Employee,5-10,4,Lorry,Owner,Unknown,No Defect,Office area,One Way,Flat Road,Crossing,Asphalt roads,Wet or damp,Darkness - lights lit,Normal,Vehicle with vehicle collision,2,3,Waiting to go,Passenger,Female,31-50,Slight,Driver,Normal,Moving Backward,Slight Injury
21:10:00,Night,Monday,18-30,Male,Junior High School,Employee,0-1,1,Automobile,Owner,Above 10 years,No Defect,Residential area,Divided Road,Flat Road,Crossing,Asphalt roads,Wet or damp,Darkness - lights lit,Normal,Collision with roadside objects,2,3,Going straight,Passenger,Female,Under 18,Slight,Driver,Unknown,Driving carelessly,Slight Injury
21:10:00,Night,Monday,18-30,Male,Elementary School,Employee,0-1,1,Automobile,Governmental,Below 1 year,No Defect,Recreational area,Two Way (Divided - Broken Line),Flat Road,Crossing,Asphalt roads,Wet or damp,Darkness - lights lit,Normal,Vehicle with vehicle collision,2,3,Going straight,Unspecified,Unknown,Unknown,No Injury,Driver,Unknown,Driving to the left,Slight Injury
15:30:00,Afternoon,Friday,Unknown,Female,Junior High School,Employee,0-1,1,Lorry,Owner,Unknown,No Defect,Church area,Divided Road,Flat Road,Y Shape,Other,Dry,Daylight,Normal,Vehicle with vehicle collision,3,1,Going straight,Pedestrian,Male,18-30,Slight,Driver,Normal,Changing lane to the left,Serious Injury
15:30:00,Afternoon,Friday,31-50,Male,Junior High School,Employee,5-10,4,Unknown,Owner,Unknown,No Defect,Office area,Two Way (Undivided),Flat Road,Y Shape,Asphalt roads,Dry,Daylight,Normal,Vehicle with vehicle collision,3,1,Going straight,Pedestrian,Male,31-50,Slight,Driver,Normal,No distancing,Serious Injury
15:30:00,Afternoon,Friday,31-50,Male,Junior High School,Owner,5-10,4,Other,Owner,Unknown,No Defect,Other,Two Way (Divided - Broken Line),Flat Road,Y Shape,Asphalt roads,Dry,Daylight,Normal,Collision with pedestrians,3,1,Getting off,Unspecified,Unknown,Unknown,No Injury,Student,Unknown,No distancing,Serious Injury
9:40:00,Morning,Saturday,31-50,Male,High School,Owner,5-10,4,Automobile,Owner,Unknown,Unknown,Residential area,Other,Steep Downward,Y Shape,Asphalt roads,Dry,Daylight,Normal,Collision with roadside objects,2,3,Going straight,Driver or rider,Male,Over 51,Slight,Driver,Unknown,Changing lane to the right,Slight Injury
9:40:00,Morning,Saturday,31-50,Male,Junior High School,Employee,5-10,4,Automobile,Owner,Unknown,No Defect,School area,Other,Flat Road,Y Shape,Asphalt roads,Dry,Daylight,Normal,Collision with pedestrians,2,3,Going straight,Unspecified,Unknown,Unknown,No Injury,Driver,Normal,Driving under the influence of drugs,Slight Injury
9:40:00,Morning,Saturday,18-30,Male,Junior High School,Employee,2-5,3,Automobile,Owner,1-2 years,No Defect,Office area,Two Way (Divided - Broken Line),Flat Road,Y Shape,Asphalt roads,Dry,Daylight,Normal,Vehicle with vehicle collision,2,3,Going straight,Pedestrian,Male,Under 18,Slight,Driver,Normal,Changing lane to the right,Slight Injury
19:16:00,Evening,Tuesday,18-30,Male,Elementary School,Employee,5-10,4,Automobile,Owner,Above 10 years,No Defect,Other,Other,Flat Road,Y Shape,Asphalt roads,Dry,Daylight,Normal,Vehicle with vehicle collision,2,1,Reversing,Unspecified,Unknown,Unknown,No Injury,Driver,Normal,Changing lane to the left,Serious Injury
19:16:00,Evening,Tuesday,18-30,Male,Junior High School,Employee,2-5,3,Lorry,Owner,Unknown,No Defect,Other,Two Way (Divided - Broken Line),Flat Road,Y Shape,Asphalt roads,Dry,Daylight,Normal,Vehicle with vehicle collision,2,1,Turnover,Driver or rider,Male,18-30,Slight,Driver,Unknown,Moving Backward,Serious Injury
16:59:00,Afternoon,Monday,31-50,Male,Junior High School,Employee,0-1,1,Other,Organization,2-5 years,Unknown,Office area,Two Way (Divided - Broken Line),Mountainous Terrain,Y Shape,Earth roads,Dry,Daylight,Normal,Vehicle with vehicle collision,1,1,Going straight,Pedestrian,Male,18-30,Slight,Driver,Unknown,No distancing,Slight Injury
15:30:00,Afternoon,Wednesday,0-17,Male,Elementary School,Employee,2-5,3,Other,Owner,Unknown,Unknown,Office area,Two Way (Divided - Broken Line),Flat Road,Y Shape,Asphalt roads,Wet or damp,Daylight,Raining,Vehicle with vehicle collision,2,1,Going straight,Pedestrian,Female,18-30,Slight,Driver,Unknown,Changing lane to the right,Serious Injury
15:30:00,Afternoon,Wednesday,51-100,Male,Junior High School,Employee,2-5,3,Station Wagon,Owner,5-10 years,Unknown,Other,Two Way (Undivided),Flat Road,Y Shape,Asphalt roads,Wet or damp,Daylight,Raining,Collision with roadside objects,2,1,Going straight,Driver or rider,Male,18-30,Slight,Driver,Unknown,Moving Backward,Serious Injury
12:11:00,Afternoon,Tuesday,51-100,Male,Junior High School,Employee,2-5,3,Other,Owner,5-10 years,No Defect,Office area,Two Way (Divided - Broken Line),Flat Road,No junction,Asphalt roads,Dry,Daylight,Normal,Collision with roadside objects,1,1,Going straight,Unspecified,Unknown,Unknown,No Injury,Driver,Normal,No distancing,Serious Injury
17:30:00,Evening,Tuesday,Unknown,Female,Junior High School,Employee,5-10,4,Other,Owner,2-5 years,No Defect,Industrial area,Two Way (Divided - Broken Line),Flat Road,No junction,Asphalt roads,Dry,Daylight,Normal,Vehicle with vehicle collision,1,1,Getting off,Pedestrian,Male,31-50,Slight,Driver,Normal,Driving to the left,Serious Injury
21:30:00,Night,Wednesday,0-17,Male,Junior High School,Employee,5-10,4,Station Wagon,Owner,Unknown,No Defect,Office area,Two Way (Undivided),Flat Road,Crossing,Asphalt roads,Wet or damp,Darkness - lights lit,Raining,Vehicle with vehicle collision,2,1,Going straight,Driver or rider,Male,31-50,Slight,Driver,Normal,Driving to the left,Slight Injury
21:30:00,Night,Wednesday,31-50,Male,Junior High School,Employee,No License,6,Lorry,Owner,Unknown,Unknown,Other,Two Way (Undivided),Flat Road,Crossing,Asphalt roads,Wet or damp,Darkness - lights lit,Raining,Vehicle with vehicle collision,2,1,Going straight,Unspecified,Unknown,Unknown,No Injury,Driver,Normal,Moving Backward,Slight Injury
12:17:00,Afternoon,Thursday,18-30,Male,Junior High School,Owner,5-10,4,Automobile,Owner,Above 10 years,Unknown,Other,Two Way (Divided - Broken Line),Flat Road,No junction,Asphalt roads,Dry,Daylight,Normal,Vehicle with vehicle collision,3,2,Going straight,Driver or rider,Male,18-30,Slight,Other,Normal,Moving Backward,Slight Injury
12:17:00,Afternoon,Thursday,51-100,Male,Junior High School,Employee,2-5,3,Unknown,Owner,Unknown,Unknown,Office area,Two Way (Divided - Broken Line),Flat Road,No junction,Asphalt roads,Dry,Daylight,Normal,Vehicle with vehicle collision,3,2,Going straight,Unspecified,Unknown,Unknown,No Injury,Driver,Unknown,Overtaking,Slight Injury
12:17:00,Afternoon,Thursday,31-50,Male,Junior High School,Employee,0-1,1,Automobile,Owner,Unknown,Unknown,Church area,Unknown,Flat Road,No junction,Asphalt roads,Dry,Daylight,Normal,Vehicle with vehicle collision,3,2,Going straight,Driver or rider,Male,31-50,Slight,Driver,Normal,Driving carelessly,Slight Injury
2:42:00,Night,Saturday,18-30,Male,Junior High School,Employee,1-2,2,Automobile,Owner,Unknown,Unknown,Office area,Other,Flat Road,Y Shape,Asphalt roads,Dry,Darkness - lights lit,Unknown,Vehicle with vehicle collision,2,1,Going straight,Unspecified,Unknown,Unknown,No Injury,Driver,Normal,Changing lane to the left,Slight Injury
2:42:00,Night,Saturday,Unknown,Female,Junior High School,Employee,0-1,1,Other,Owner,Unknown,Unknown,Residential area,Other,Flat Road,Y Shape,Asphalt roads,Dry,Darkness - lights lit,Unknown,Vehicle with vehicle collision,2,1,Going straight,Driver or rider,Male,31-50,Slight,Driver,Normal,Driving under the influence of drugs,Slight Injury
15:15:00,Afternoon,Thursday,18-30,Male,Junior High School,Employee,10-20,5,Unknown,Owner,Unknown,No Defect,Recreational area,Two Way (Divided - Broken Line),Flat Road,Y Shape,Asphalt roads,Dry,Daylight,Normal,Vehicle with vehicle collision,2,1,Going straight,Passenger,Female,18-30,Slight,Unemployed,Normal,No distancing,Serious Injury
15:15:00,Afternoon,Thursday,51-100,Male,Junior High School,Employee,0-1,1,Station Wagon,Governmental,5-10 years,Unknown,Other,Other,Flat Road,Y Shape,Asphalt roads,Dry,Daylight,Normal,Vehicle with vehicle collision,2,1,Going straight,Driver or rider,Female,31-50,Slight,Driver,Normal,Moving Backward,Serious Injury
7:15:00,Morning,Wednesday,18-30,Male,Junior High School,Employee,2-5,3,Automobile,Owner,Unknown,No Defect,Church area,Two Way (Undivided),Flat Road,Y Shape,Asphalt roads,Dry,Daylight,Normal,Other,2,1,Going straight,Unspecified,Unknown,Unknown,No Injury,Driver,Normal,Changing lane to the left,Slight Injury
7:15:00,Morning,Wednesday,18-30,Male,Junior High School,Employee,1-2,2,Automobile,Owner,Unknown,No Defect,Other,One Way,Flat Road,Y Shape,Asphalt roads,Dry,Daylight,Normal,Vehicle with vehicle collision,2,1,Reversing,Unspecified,Unknown,Unknown,No Injury,Driver,Normal,Changing lane to the right,Slight Injury
21:09:00,Night,Tuesday,31-50,Male,Elementary School,Employee,5-10,4,Automobile,Owner,Above 10 years,No Defect,Other,Two Way (Divided - Broken Line),Flat Road,Unknown,Earth roads,Wet or damp,Darkness - lights lit,Raining,Collision with roadside objects,1,1,Going straight,Driver or rider,Male,18-30,Slight,Driver,Normal,No distancing,Serious Injury
7:30:00,Morning,Tuesday,31-50,Male,Junior High School,Owner,0-1,1,Other,Owner,5-10 years,Unknown,Church area,Two Way (Undivided),Flat Road,No junction,Asphalt roads,Wet or damp,Daylight,Normal,Vehicle with vehicle collision,1,1,Turnover,Driver or rider,Male,Over 51,Slight,Employee,Normal,Driving at high speed,Serious Injury
8:50:00,Morning,Friday,18-30,Male,Junior High School,Employee,0-1,1,Lorry,Owner,Unknown,Unknown,Office area,Two Way (Divided - Broken Line),Flat Road,Crossing,Asphalt roads,Dry,Daylight,Normal,Vehicle with vehicle collision,1,1,Going straight,Unspecified,Unknown,Unknown,No Injury,Driver,Normal,Changing lane to the right,Slight Injury
8:00:00,Morning,Wednesday,31-50,Male,Writing & Reading,Employee,0-1,1,Lorry,Owner,Unknown,Unknown,Office area,Divided Road,Flat Road,Y Shape,Asphalt roads,Dry,Daylight,Normal,Vehicle with vehicle collision,2,1,Going straight,Driver or rider,Male,31-50,Slight,Self-employed,Normal,No priority to vehicle,Slight Injury
8:00:00,Morning,Wednesday,31-50,Male,Junior High School,Employee,1-2,2,Automobile,Organization,5-10 years,No Defect,Church area,Two Way (Divided - Broken Line),Flat Road,Y Shape,Asphalt roads,Dry,Daylight,Normal,Vehicle with vehicle collision,2,1,Going straight,Driver or rider,Male,18-30,Slight,Driver,Normal,No distancing,Slight Injury
9:15:00,Morning,Sunday,31-50,Male,Elementary School,Owner,5-10,4,Lorry,Organization,2-5 years,No Defect,Other,Two Way (Undivided),Mountainous Terrain,No junction,Asphalt roads,Dry,Daylight,Normal,Vehicle with vehicle collision,2,1,Going straight,Driver or rider,Male,31-50,Slight,Driver,Unknown,Turnover,Slight Injury
9:15:00,Morning,Sunday,18-30,Male,Junior High School,Employee,2-5,3,Lorry,Owner,Unknown,No Defect,Other,Two Way (Undivided),Flat Road,No junction,Asphalt roads,Dry,Daylight,Normal,Vehicle with vehicle collision,2,1,Reversing,Unspecified,Unknown,Unknown,No Injury,Driver,Normal,No distancing,Slight Injury
20:05:00,Evening,Friday,Unknown,Female,Junior High School,Owner,0-1,1,Lorry,Owner,Unknown,No Defect,Church area,Two Way (Undivided),Flat Road,Y Shape,Asphalt roads,Dry,Darkness - lights lit,Normal,Collision with roadside objects,2,1,Going straight,Driver or rider,Male,18-30,Slight,Driver,Unknown,Changing lane to the right,Slight Injury
20:05:00,Evening,Friday,18-30,Male,Writing & Reading,Employee,5-10,4,Lorry,Owner,5-10 years,No Defect,Industrial area,Two Way (Divided - Broken Line),Flat Road,Y Shape,Asphalt roads,Dry,Darkness - lights lit,Normal,Collision with roadside objects,2,1,Turnover,Unspecified,Unknown,Unknown,No Injury,Driver,Unknown,No distancing,Slight Injury
13:00:00,Afternoon,Tuesday,31-50,Male,Writing & Reading,Employee,5-10,4,Automobile,Owner,Unknown,No Defect,Office area,Two Way (Undivided),Flat Road,No junction,Asphalt roads,Dry,Daylight,Normal,Vehicle with vehicle collision,2,2,Going straight,Pedestrian,Male,31-50,Slight,Driver,Normal,Changing lane to the left,Slight Injury
13:00:00,Afternoon,Tuesday,31-50,Male,Junior High School,Employee,5-10,4,Automobile,Owner,Unknown,No Defect,School area,Two Way (Undivided),Flat Road,No junction,Asphalt roads,Dry,Daylight,Normal,Collision with roadside objects,2,2,Going straight,Pedestrian,Female,18-30,Slight,Driver,Normal,Driving carelessly,Slight Injury
17:40:00,Evening,Saturday,18-30,Male,Junior High School,Employee,2-5,3,Automobile,Owner,Unknown,No Defect,Other,Two Way (Undivided),Flat Road,Y Shape,Asphalt roads,Dry,Daylight,Normal,Collision with roadside objects,2,1,Going straight,Pedestrian,Female,18-30,Slight,Driver,Normal,Changing lane to the right,Serious Injury
17:40:00,Evening,Saturday,51-100,Male,Junior High School,Employee,10-20,5,Public Transport,Owner,Unknown,No Defect,Church area,One Way,Flat Road,Y Shape,Gravel roads,Dry,Daylight,Normal,Vehicle with vehicle collision,2,1,Going straight,Driver or rider,Male,18-30,Slight,Driver,Normal,No priority to vehicle,Serious Injury
16:24:00,Afternoon,Wednesday,31-50,Male,Junior High School,Employee,5-10,4,Automobile,Owner,Unknown,No Defect,Office area,Two Way (Undivided),Flat Road,Y Shape,Asphalt roads,Dry,Daylight,Normal,Vehicle with vehicle collision,2,1,Going straight,Unspecified,Unknown,Unknown,No Injury,Driver,Normal,No distancing,Slight Injury
16:24:00,Afternoon,Wednesday,18-30,Male,Junior High School,Employee,10-20,5,Public Transport,Owner,Unknown,No Defect,Other,Other,Steep Downward,Y Shape,Asphalt roads,Dry,Daylight,Normal,Collision with roadside objects,2,1,Getting off,Driver or rider,Female,18-30,Slight,Driver,Normal,No priority to pedestrian,Slight Injury
11:10:00,Morning,Friday,51-100,Male,Junior High School,Employee,2-5,3,Public Transport,Owner,2-5 years,No Defect,Other,Other,Flat Road,Y Shape,Asphalt roads,Dry,Daylight,Normal,Vehicle with vehicle collision,2,1,Moving Backward,Unspecified,Unknown,Unknown,No Injury,Driver,Normal,No priority to pedestrian,Slight Injury
11:10:00,Morning,Friday,31-50,Male,Junior High School,Employee,0-1,1,Automobile,Owner,Unknown,Unknown,Other,Two Way (Divided - Broken Line),Flat Road,Y Shape,Asphalt roads,Dry,Daylight,Normal,Vehicle with vehicle collision,2,1,Going straight,Unspecified,Unknown,Unknown,No Injury,Driver,Normal,No priority to vehicle,Slight Injury
14:21:00,Afternoon,Friday,31-50,Male,Junior High School,Employee,0-1,1,Lorry,Owner,2-5 years,Unknown,Other,One Way,Flat Road,Crossing,Asphalt roads,Dry,Daylight,Normal,Vehicle with vehicle collision,1,1,Turnover,Driver or rider,Male,31-50,Slight,Employee,Normal,Changing lane to the left,Slight Injury
7:45:00,Morning,Wednesday,51-100,Male,Junior High School,Owner,5-10,4,Automobile,Owner,Above 10 years,No Defect,Church area,Two Way (Divided - Broken Line),Flat Road,Y Shape,Asphalt roads,Wet or damp,Daylight,Raining,Vehicle with vehicle collision,1,1,Going straight,Driver or rider,Male,18-30,Slight,Driver,Normal,Changing lane to the left,Slight Injury
22:15:00,Night,Tuesday,18-30,Male,Junior High School,Employee,2-5,3,Lorry,Governmental,2-5 years,No Defect,Residential area,Two Way (Divided - Broken Line),Flat Road,No junction,Asphalt roads,Wet or damp,Darkness - lights lit,Normal,Vehicle with vehicle collision,2,2,Unknown,Unspecified,Unknown,Unknown,No Injury,Driver,Unknown,No distancing,Serious Injury
22:15:00,Night,Tuesday,18-30,Male,Elementary School,Employee,0-1,1,Other,Owner,2-5 years,No Defect,Office area,Two Way (Divided - Broken Line),Flat Road,No junction,Asphalt roads,Wet or damp,Darkness - lights lit,Normal,Vehicle with vehicle collision,2,2,Going straight,Driver or rider,Male,18-30,Slight,Driver,Normal,No priority to vehicle,Serious Injury
8:55:00,Morning,Friday,51-100,Male,Junior High School,Employee,2-5,3,Other,Owner,2-5 years,No Defect,Other,Two Way (Divided - Broken Line),Flat Road,No junction,Asphalt roads,Dry,Daylight,Normal,Collision with pedestrians,3,5,Going straight,Unspecified,Unknown,Unknown,No Injury,Self-employed,Unknown,No distancing,Slight Injury
8:55:00,Morning,Friday,51-100,Male,Junior High School,Employee,5-10,4,Lorry,Owner,2-5 years,No Defect,Office area,Two Way (Divided - Broken Line),Flat Road,No junction,Asphalt roads,Dry,Daylight,Normal,Vehicle with vehicle collision,3,5,Going straight,Driver or rider,Male,18-30,Slight,Driver,Normal,No distancing,Slight Injury
8:55:00,Morning,Friday,31-50,Male,High School,Employee,10-20,5,Motorcycle,Owner,2-5 years,No Defect,Other,Two Way (Divided - Broken Line),Flat Road,No junction,Asphalt roads,Dry,Daylight,Normal,Collision with roadside objects,3,5,Going straight,Passenger,Female,18-30,Slight,Self-employed,Unknown,Changing lane to the right,Slight Injury
8:55:00,Morning,Friday,31-50,Male,High School,Employee,10-20,5,Other,Owner,1-2 years,No Defect,Church area,Two Way (Undivided),Flat Road,No junction,Asphalt roads,Dry,Daylight,Normal,Vehicle with vehicle collision,3,5,Turnover,Unspecified,Unknown,Unknown,No Injury,Driver,Normal,Changing lane to the left,Slight Injury
8:55:00,Morning,Friday,31-50,Male,Junior High School,Employee,5-10,4,Lorry,Owner,Unknown,No Defect,Office area,Two Way (Divided - Broken Line),Flat Road,No junction,Asphalt roads,Dry,Daylight,Normal,Vehicle with vehicle collision,3,5,Turnover,Driver or rider,Male,31-50,Slight,Self-employed,Unknown,No distancing,Slight Injury
15:35:00,Afternoon,Sunday,18-30,Male,Elementary School,Employee,1-2,2,Lorry,Owner,Unknown,No Defect,Other,Two Way (Divided - Broken Line),Flat Road,No junction,Asphalt roads,Dry,Daylight,Normal,Vehicle with vehicle collision,1,1,Going straight,Unspecified,Unknown,Unknown,No Injury,Driver,Unknown,Overturning,Serious Injury
19:50:00,Evening,Friday,18-30,Male,Elementary School,Employee,5-10,4,Automobile,Owner,Unknown,No Defect,Other,Two Way (Divided - Broken Line),Flat Road,Y Shape,Asphalt roads,Dry,Darkness - lights lit,Normal,Vehicle with vehicle collision,2,2,Getting off,Driver or rider,Male,31-50,Slight,Driver,Normal,No priority to vehicle,Slight Injury
19:50:00,Evening,Friday,51-100,Male,Junior High School,Employee,5-10,4,Automobile,Owner,Above 10 years,Unknown,School area,Two Way (Divided - Broken Line),Flat Road,Y Shape,Asphalt roads,Dry,Darkness - lights lit,Normal,Vehicle with vehicle collision,2,2,Getting off,Unspecified,Unknown,Unknown,No Injury,Self-employed,Normal,Moving Backward,Slight Injury
1:40:00,Night,Monday,Unknown,Female,Junior High School,Employee,1-2,2,Other,Owner,Unknown,No Defect,Church area,Divided Road,Flat Road,O Shape,Asphalt roads,Dry,Darkness - lights lit,Normal,Vehicle with vehicle collision,2,3,Going straight,Driver or rider,Male,31-50,Slight,Employee,Normal,Driving under the influence of drugs,Slight Injury
1:40:00,Night,Monday,31-50,Male,Junior High School,Owner,5-10,4,Other,Owner,Unknown,Unknown,School area,Two Way (Undivided),Flat Road,O Shape,Other,Dry,Darkness - lights lit,Normal,Vehicle with vehicle collision,2,3,Overtaking,Unspecified,Unknown,Unknown,No Injury,Other,Normal,Moving Backward,Slight Injury
1:40:00,Night,Monday,31-50,Male,High School,Owner,10-20,5,Automobile,Owner,2-5 years,No Defect,Residential area,Divided Road,Flat Road,O Shape,Asphalt roads,Dry,Darkness - lights lit,Normal,Vehicle with vehicle collision,2,3,Reversing,Driver or rider,Male,18-30,Slight,Employee,Unknown,Changing lane to the right,Slight Injury
1:40:00,Night,Monday,31-50,Male,Junior High School,Owner,0-1,1,Taxi,Owner,Unknown,Unknown,Office area,Two Way (Divided - Broken Line),Flat Road,O Shape,Asphalt roads,Dry,Darkness - lights lit,Normal,Vehicle with vehicle collision,2,3,Going straight,Unspecified,Unknown,Unknown,No Injury,Driver,Normal,Overspeed,Slight Injury
15:09:00,Afternoon,Thursday,Unknown,Female,Writing & Reading,Owner,5-10,4,Other,Owner,Unknown,Unknown,Office area,Two Way (Undivided),Flat Road,No junction,Asphalt roads,Dry,Daylight,Normal,Collision with roadside objects,2,2,Getting off,Unspecified,Unknown,Unknown,No Injury,Employee,Unknown,Driving under the influence of drugs,Serious Injury
15:09:00,Afternoon,Thursday,18-30,Male,Above High School,Employee,10-20,5,Taxi,Governmental,5-10 years,No Defect,Church area,Two Way (Divided - Broken Line),Flat Road,No junction,Asphalt roads,Dry,Daylight,Normal,Vehicle with vehicle collision,2,2,Getting off,Driver or rider,Male,18-30,Slight,Driver,Normal,Driving carelessly,Serious Injury
15:09:00,Afternoon,Thursday,18-30,Male,High School,Employee,0-1,1,Lorry,Owner,2-5 years,Unknown,Residential area,Two Way (Undivided),Flat Road,No junction,Asphalt roads,Dry,Daylight,Normal,Collision with roadside objects,2,2,Reversing,Driver or rider,Male,31-50,Slight,Employee,Normal,No distancing,Serious Injury
15:45:00,Afternoon,Tuesday,31-50,Male,Junior High School,Employee,1-2,2,Automobile,Owner,Unknown,No Defect,Office area,Other,Flat Road,Y Shape,Asphalt roads,Wet or damp,Daylight,Raining,Vehicle with vehicle collision,1,1,Turnover,Unspecified,Unknown,Unknown,No Injury,Employee,Normal,No priority to vehicle,Slight Injury
13:09:00,Afternoon,Wednesday,18-30,Male,Junior High School,Employee,10-20,5,Other,Owner,2-5 years,No Defect,Residential area,One Way,Flat Road,Crossing,Asphalt roads,Dry,Daylight,Normal,Vehicle with vehicle collision,2,1,Moving Backward,Passenger,Female,Under 18,Slight,Employee,Normal,Overspeed,Slight Injury
13:09:00,Afternoon,Wednesday,31-50,Male,Junior High School,Owner,10-20,5,Automobile,Owner,2-5 years,No Defect,Other,Two Way (Divided - Broken Line),Flat Road,Crossing,Other,Dry,Daylight,Normal,Unknown,2,1,Going straight,Passenger,Female,Under 18,Slight,Driver,Normal,Driving under the influence of drugs,Slight Injury
17:40:00,Evening,Thursday,31-50,Male,Junior High School,Employee,10-20,5,Automobile,Governmental,2-5 years,No Defect,Other,Two Way (Divided - Broken Line),Flat Road,Crossing,Asphalt roads,Dry,Daylight,Normal,Collision with pedestrians,1,1,Going straight,Unspecified,Unknown,Unknown,No Injury,Driver,Normal,Changing lane to the right,Serious Injury
14:50:00,Afternoon,Monday,18-30,Male,Junior High School,Employee,No License,6,Automobile,Owner,Unknown,No Defect,Residential area,Two Way (Divided - Broken Line),Flat Road,Y Shape,Asphalt roads,Dry,Daylight,Normal,Vehicle with vehicle collision,2,1,Going straight,Unspecified,Unknown,Unknown,No Injury,Student,Normal,Changing lane to the right,Slight Injury
14:50:00,Afternoon,Monday,18-30,Male,Junior High School,Employee,1-2,2,Automobile,Owner,5-10 years,No Defect,Industrial area,Two Way (Undivided),Flat Road,Y Shape,Asphalt roads,Dry,Daylight,Normal,Vehicle with vehicle collision,2,1,Going straight,Driver or rider,Male,31-50,Slight,Driver,Normal,Changing lane to the right,Slight Injury
19:15:00,Evening,Thursday,51-100,Male,Illiterate,Owner,1-2,2,Lorry,Owner,2-5 years,No Defect,Other,Two Way (Undivided),Steep Downward,Crossing,Asphalt roads,Wet or damp,Darkness - lights lit,Normal,Vehicle with vehicle collision,1,1,Reversing,Unspecified,Unknown,Unknown,No Injury,Self-employed,Unknown,Changing lane to the right,Slight Injury
14:20:00,Afternoon,Monday,31-50,Male,Junior High School,Owner,0-1,1,Other,Owner,1-2 years,No Defect,Office area,Two Way (Undivided),Flat Road,Y Shape,Asphalt roads,Dry,Daylight,Normal,Collision with pedestrians,1,2,Going straight,Driver or rider,Female,18-30,Slight,Driver,Unknown,Moving Backward,Slight Injury
14:20:00,Afternoon,Monday,31-50,Male,Junior High School,Owner,1-2,2,Other,Organization,2-5 years,No Defect,Other,Two Way (Divided - Broken Line),Mountainous Terrain,Y Shape,Asphalt roads,Dry,Daylight,Normal,Collision with roadside objects,1,2,Going straight,Driver or rider,Male,31-50,Slight,Driver,Normal,No distancing,Slight Injury
17:34:00,Evening,Friday,51-100,Male,Junior High School,Owner,2-5,3,Other,Governmental,1-2 years,Unknown,Other,Two Way (Undivided),Flat Road,Other,Asphalt roads,Wet or damp,Darkness - lights lit,Normal,Unknown,2,1,Going straight,Unspecified,Unknown,Unknown,No Injury,Driver,Normal,Overspeed,Serious Injury
17:34:00,Evening,Friday,Unknown,Female,Unknown,Owner,5-10,4,Automobile,Owner,Unknown,No Defect,Other,Two Way (Divided - Broken Line),Flat Road,Other,Asphalt roads,Wet or damp,Darkness - lights lit,Normal,Vehicle with vehicle collision,2,1,Going straight,Unspecified,Unknown,Unknown,No Injury,Driver,Normal,No distancing,Serious Injury
19:50:00,Evening,Monday,31-50,Male,Unknown,Owner,10-20,5,Lorry,Owner,2-5 years,No Defect,Other,Divided Road,Flat Road,Y Shape,Asphalt roads,Dry,Darkness - lights lit,Raining and Windy,Unknown,2,1,Getting off,Passenger,Female,Over 51,Slight,Driver,Normal,Driving carelessly,Serious Injury
19:50:00,Evening,Monday,31-50,Male,Junior High School,Owner,2-5,3,Automobile,Owner,Unknown,Defect Present,Office area,Two Way (Undivided),Flat Road,Y Shape,Other,Dry,Darkness - lights lit,Raining and Windy,Unknown,2,1,Going straight,Unspecified,Unknown,Unknown,No Injury,Driver,Unknown,Moving Backward,Serious Injury
14:55:00,Afternoon,Tuesday,18-30,Male,Elementary School,Owner,10-20,5,Public Transport,Governmental,1-2 years,No Defect,Other,Two Way (Divided - Broken Line),Flat Road,Crossing,Asphalt roads,Dry,Daylight,Normal,Unknown,3,3,Going straight,Driver or rider,Male,18-30,Slight,Driver,Normal,Overtaking,Slight Injury
14:55:00,Afternoon,Tuesday,18-30,Male,Writing & Reading,Owner,5-10,4,Lorry,Owner,Unknown,Unknown,Unknown,Other,Flat Road,Crossing,Asphalt roads,Dry,Daylight,Normal,Vehicle with vehicle collision,3,3,Going straight,Unspecified,Unknown,Unknown,No Injury,Driver,Normal,Changing lane to the left,Slight Injury
14:55:00,Afternoon,Tuesday,18-30,Male,Junior High School,Owner,No License,6,Public Transport,Organization,Unknown,No Defect,Other,Two Way (Divided - Broken Line),Flat Road,Crossing,Asphalt roads,Dry,Daylight,Normal,Vehicle with vehicle collision,3,3,Going straight,Driver or rider,Female,31-50,Slight,Self-employed,Normal,Changing lane to the right,Slight Injury
14:55:00,Afternoon,Tuesday,18-30,Male,Junior High School,Owner,5-10,4,Other,Owner,Above 10 years,Unknown,Other,Other,Steep Downward,Crossing,Asphalt roads,Dry,Daylight,Normal,Collision with roadside objects,3,3,Reversing,Unspecified,Unknown,Unknown,No Injury,Self-employed,Normal,Overtaking,Slight Injury