Time,Time_Period,Day_of_week,Age_band_of_driver,Sex_of_driver,Educational_level,Vehicle_driver_relation,Driving_experience,Exp_Order,Type_of_vehicle,Owner_of_vehicle,Service_year_of_vehicle,Defect_of_vehicle,Area_accident_occured,Lanes_or_Medians,Road_allignment,Types_of_Junction,Road_surface_type,Road_surface_conditions,Light_conditions,Weather_conditions,Type_of_collision,Number_of_vehicles_involved,Number_of_casualties,Vehicle_movement,Casualty_class,Sex_of_casualty,Age_band_of_casualty,Casualty_severity,Work_of_casuality,Fitness_of_casuality,Cause_of_accident,Accident_severity
8:15:00,Morning,Wednesday,31-50,Male,Junior High School,Employee,2-5,3,Lorry,Governmental,5-10 years,No Defect,Other,Two Way (Undivided),Flat Road,Y Shape,Asphalt roads,Dry,Daylight,Other,Vehicle with vehicle collision,2,1,Going straight,Unspecified,Unknown,Unknown,No Injury,Driver,Normal,Changing lane to the left,Slight Injury
8:15:00,Morning,Wednesday,51-100,Male,Junior High School,Employee,5-10,4,Other,Owner,2-5 years,No Defect,Other,Divided Road,Flat Road,Y Shape,Asphalt roads,Dry,Daylight,Other,Collision with roadside objects,2,1,Going straight,Unspecified,Unknown,Unknown,No Injury,Driver,Unknown,Getting off the vehicle improperly,Slight Injury
20:55:00,Evening,Saturday,31-50,Male,Junior High School,Owner,0-1,1,Lorry,Owner,Unknown,No Defect,Other,Two Way (Divided - Broken Line),Flat Road,Y Shape,Asphalt roads,Wet or damp,Darkness - lights lit,Normal,Vehicle with vehicle collision,1,2,Going straight,Driver or rider,Male,18-30,Serious,Driver,Normal,No distancing,Slight Injury
20:55:00,Evening,Saturday,31-50,Male,High School,Employee,0-1,1,Unknown,Owner,2-5 years,Unknown,Church area,Two Way (Divided - Broken Line),Flat Road,Y Shape,Asphalt roads,Wet or damp,Darkness - lights lit,Normal,Vehicle with vehicle collision,1,2,Going straight,Unspecified,Unknown,Unknown,No Injury,Self-employed,Normal,Changing lane to the right,Slight Injury
1:18:00,Night,Saturday,18-30,Male,Junior High School,Employee,No License,6,Other,Owner,5-10 years,Unknown,Other,Two Way (Undivided),Flat Road,No junction,Asphalt roads,Dry,Darkness - lights lit,Normal,Vehicle with vehicle collision,1,4,Other,Driver or rider,Male,31-50,Slight,Driver,Normal,Changing lane to the right,Fatal injury
1:18:00,Night,Saturday,18-30,Male,Junior High School,Employee,0-1,1,Unknown,Organization,2-5 years,Unknown,Industrial area,Two Way (Divided - Broken Line),Flat Road,No junction,Asphalt roads,Dry,Darkness - lights lit,Normal,Collision with roadside objects,1,4,Going straight,Pedestrian,Male,Over 51,Slight,Driver,Normal,Moving Backward,Fatal injury
1:18:00,Night,Saturday,18-30,Male,Junior High School,Employee,2-5,3,Public Transport,Owner,Unknown,No Defect,Residential area,Divided Road,Flat Road,No junction,Asphalt roads,Dry,Darkness - lights lit,Normal,Collision with roadside objects,1,4,Moving Backward,Unspecified,Unknown,Unknown,No Injury,Driver,Normal,Driving at high speed,Fatal injury
1:18:00,Night,Saturday,18-30,Male,Junior High School,Employee,2-5,3,Special Vehicle,Governmental,Above 10 years,No Defect,Other,Two Way (Divided - Broken Line),Flat Road,No junction,Asphalt roads,Dry,Darkness - lights lit,Normal,Vehicle with vehicle collision,1,4,Other,Driver or rider,Female,18-30,Slight,Other,Normal,Changing lane to the left,Fatal injury
21:35:00,Night,Wednesday,18-30,Male,Junior High School,Employee,5-10,4,Lorry,Owner,Unknown,No Defect,Office area,Two Way (Divided - Broken Line),Flat Road,Y Shape,Asphalt roads,Wet or damp,Darkness - lights lit,Raining,Vehicle with vehicle collision,2,1,Going straight,Driver or rider,Female,18-30,Slight,Employee,Normal,Moving Backward,Slight Injury
21:35:00,Night,Wednesday,31-50,Male,Elementary School,Employee,5-10,4,Lorry,Owner,Unknown,No Defect,Industrial area,Unknown,Flat Road,Y Shape,Asphalt roads,Wet or damp,Darkness - lights lit,Raining,Collision with roadside objects,2,1,Going straight,Unspecified,Unknown,Unknown,No Injury,Driver,Normal,Overtaking,Slight Injury
8:20:00,Morning,Wednesday,31-50,Male,Junior High School,Owner,5-10,4,Public Transport,Owner,1-2 years,No Defect,Industrial area,Divided Road,Flat Road,Crossing,Asphalt roads,Dry,Daylight,Normal,Collision with roadside objects,2,1,Going straight,Unspecified,Unknown,Unknown,No Injury,Self-employed,Normal,Changing lane to the left,Slight Injury
8:20:00,Morning,Wednesday,0-17,Male,Junior High School,Employee,5-10,4,Automobile,Owner,Unknown,No Defect,Other,Two Way (Divided - Broken Line),Flat Road,Crossing,Asphalt roads,Dry,Daylight,Normal,Vehicle with vehicle collision,2,1,Going straight,Driver or rider,Male,31-50,Slight,Driver,Unknown,Changing lane to the right,Slight Injury
11:30:00,Morning,Sunday,31-50,Male,Junior High School,Owner,5-10,4,Automobile,Organization,Above 10 years,Unknown,Hospital area,Two Way (Divided - Broken Line),Flat Road,Y Shape,Asphalt roads,Dry,Daylight,Normal,Vehicle with vehicle collision,3,1,Going straight,Driver or rider,Female,18-30,Slight,Driver,Normal,Overtaking,Slight Injury
11:30:00,Morning,Sunday,51-100,Male,Illiterate,Employee,2-5,3,Automobile,Owner,Unknown,Unknown,Office area,One Way,Flat Road,Y Shape,Asphalt roads,Dry,Daylight,Normal,Vehicle with vehicle collision,3,1,Going straight,Unspecified,Unknown,Unknown,No Injury,Driver,Normal,Overloading,Slight Injury
11:30:00,Morning,Sunday,18-30,Male,Junior High School,Employee,5-10,4,Public Transport,Owner,2-5 years,No Defect,Church area,Two Way (Undivided),Flat Road,Y Shape,Asphalt roads,Dry,Daylight,Normal,Collision with roadside objects,3,1,Going straight,Driver or rider,Male,31-50,Slight,Driver,Normal,Other,Slight Injury
7:50:00,Morning,Wednesday,31-50,Male,Junior High School,Employee,0-1,1,Lorry,Organization,5-10 years,No Defect,Hospital area,Two Way (Undivided),Mountainous Terrain,No junction,Asphalt roads,Dry,Daylight,Normal,Vehicle with vehicle collision,2,1,Going straight,Driver or rider,Female,18-30,Slight,Self-employed,Normal,No priority to vehicle,Slight Injury
7:50:00,Morning,Wednesday,18-30,Male,Junior High School,Employee,1-2,2,Other,Owner,Above 10 years,No Defect,Office area,Other,Flat Road,No junction,Asphalt roads,Dry,Daylight,Normal,Vehicle with vehicle collision,2,1,Going straight,Unspecified,Unknown,Unknown,No Injury,Self-employed,Normal,Changing lane to the right,Slight Injury
10:26:00,Morning,Wednesday,18-30,Male,Elementary School,Employee,2-5,3,Lorry,Owner,2-5 years,No Defect,Other,Two Way (Divided - Broken Line),Other,Y Shape,Asphalt roads,Dry,Daylight,Normal,Vehicle with vehicle collision,2,1,Other,Driver or rider,Male,31-50,Slight,Driver,Normal,Moving Backward,Slight Injury
10:26:00,Morning,Wednesday,0-17,Male,Elementary School,Employee,2-5,3,Other,Owner,1-2 years,Unknown,Office area,Two Way (Undivided),Flat Road,Y Shape,Asphalt roads,Dry,Daylight,Normal,Rollover,2,1,Reversing,Pedestrian,Female,31-50,Slight,Driver,Normal,Changing lane to the left,Slight Injury
8:25:00,Morning,Wednesday,18-30,Male,Elementary School,Employee,5-10,4,Special Vehicle,Owner,2-5 years,Unknown,Office area,Two Way (Divided - Broken Line),Mountainous Terrain,No junction,Asphalt roads,Dry,Daylight,Normal,Vehicle with vehicle collision,1,1,Other,Unspecified,Unknown,Unknown,No Injury,Self-employed,Normal,No priority to pedestrian,Slight Injury
15:30:00,Afternoon,Wednesday,31-50,Male,Junior High School,Employee,5-10,4,Lorry,Owner,Unknown,No Defect,Other,Divided Road,Steep Downward,Crossing,Asphalt roads,Dry,Daylight,Normal,Vehicle with vehicle collision,2,1,Other,Driver or rider,Male,Over 51,Slight,Driver,Normal,No distancing,Serious Injury
15:30:00,Afternoon,Wednesday,31-50,Male,Junior High School,Unknown,No License,6,Unknown,Owner,1-2 years,No Defect,Office area,Two Way (Undivided),Flat Road,Crossing,Asphalt roads,Dry,Daylight,Normal,Collision with pedestrians,2,1,Reversing,Driver or rider,Male,18-30,Slight,Self-employed,Normal,No priority to vehicle,Serious Injury
11:10:00,Morning,Tuesday,51-100,Male,Junior High School,Employee,10-20,5,Unknown,Owner,Unknown,No Defect,Residential area,Two Way (Undivided),Flat Road,No junction,Asphalt roads,Dry,Daylight,Normal,Vehicle with vehicle collision,1,1,Going straight,Pedestrian,Male,18-30,Slight,Driver,Normal,No distancing,Slight Injury
4:55:00,Night,Friday,18-30,Male,Junior High School,Employee,10-20,5,Lorry,Owner,Unknown,Unknown,Other,Two Way (Divided - Broken Line),Flat Road,No junction,Asphalt roads,Dry,Darkness - lights lit,Normal,Vehicle with vehicle collision,2,1,Going straight,Driver or rider,Male,18-30,Slight,Driver,Normal,No distancing,Slight Injury
4:55:00,Night,Friday,31-50,Male,Junior High School,Owner,10-20,5,Other,Owner,2-5 years,Unknown,Office area,Divided Road,Flat Road,No junction,Asphalt roads,Dry,Darkness - lights lit,Normal,Vehicle with vehicle collision,2,1,Going straight,Unspecified,Unknown,Unknown,No Injury,Driver,Normal,Moving Backward,Slight Injury
16:59:00,Afternoon,Thursday,Unknown,Female,Junior High School,Employee,No License,6,Other,Owner,5-10 years,Unknown,Office area,Two Way (Undivided),Mountainous Terrain,No junction,Asphalt roads,Dry,Daylight,Normal,Vehicle with vehicle collision,3,1,Going straight,Passenger,Male,31-50,Slight,Driver,Normal,Changing lane to the right,Slight Injury
16:59:00,Afternoon,Thursday,18-30,Male,Junior High School,Employee,5-10,4,Automobile,Owner,Unknown,Unknown,Office area,Other,Flat Road,No junction,Asphalt roads,Dry,Daylight,Normal,Collision with roadside objects,3,1,Turnover,Driver or rider,Male,18-30,Slight,Driver,Unknown,No priority to pedestrian,Slight Injury
16:59:00,Afternoon,Thursday,31-50,Male,Junior High School,Employee,2-5,3,Other,Owner,5-10 years,No Defect,Other,Two Way (Divided - Broken Line),Flat Road,No junction,Asphalt roads,Dry,Daylight,Normal,Vehicle with vehicle collision,3,1,Going straight,Unspecified,Unknown,Unknown,No Injury,Driver,Normal,Moving Backward,Slight Injury
7:35:00,Morning,Monday,31-50,Male,Elementary School,Employee,5-10,4,Automobile,Owner,Unknown,No Defect,Church area,Two Way (Undivided),Flat Road,Y Shape,Asphalt roads,Dry,Daylight,Normal,Vehicle with vehicle collision,2,1,Going straight,Unspecified,Unknown,Unknown,No Injury,Driver,Normal,Getting off the vehicle improperly,Slight Injury
7:35:00,Morning,Monday,31-50,Male,Junior High School,Employee,2-5,3,Public Transport,Owner,Unknown,No Defect,Industrial area,Two Way (Undivided),Flat Road,Y Shape,Asphalt roads,Dry,Daylight,Normal,Vehicle with vehicle collision,2,1,Going straight,Driver or rider,Female,31-50,Slight,Driver,Unknown,Overtaking,Slight Injury
5:53:00,Morning,Sunday,0-17,Male,High School,Owner,5-10,4,Lorry,Owner,1-2 years,No Defect,Office area,Divided Road,Flat Road,No junction,Asphalt roads,Wet or damp,Daylight,Normal,Vehicle with vehicle collision,1,1,Going straight,Driver or rider,Male,31-50,Slight,Driver,Normal,Overloading,Serious Injury
12:00:00,Afternoon,Wednesday,31-50,Male,Junior High School,Employee,10-20,5,Unknown,Owner,Unknown,No Defect,Church area,Two Way (Undivided),Flat Road,Y Shape,Asphalt roads,Wet or damp,Daylight,Raining,Collision with roadside objects,2,1,Going straight,Driver or rider,Male,18-30,Slight,Self-employed,Normal,Changing lane to the right,Serious Injury
12:00:00,Afternoon,Wednesday,18-30,Male,Junior High School,Employee,2-5,3,Automobile,Owner,Unknown,Unknown,Office area,Two Way (Undivided),Flat Road,Y Shape,Asphalt roads,Wet or damp,Daylight,Raining,Vehicle with vehicle collision,2,1,Moving Backward,Passenger,Female,18-30,Slight,Driver,Normal,Improper parking,Serious Injury
19:31:00,Evening,Friday,31-50,Male,Elementary School,Employee,2-5,3,Unknown,Owner,Unknown,No Defect,Office area,Other,Flat Road,Crossing,Asphalt roads,Dry,Daylight,Normal,Collision with roadside objects,2,1,Going straight,Unspecified,Unknown,Unknown,No Injury,Driver,Normal,Other,Slight Injury
19:31:00,Evening,Friday,31-50,Male,High School,Owner,10-20,5,Lorry,Owner,Unknown,Unknown,Residential area,Two Way (Divided - Broken Line),Flat Road,Crossing,Asphalt roads,Dry,Daylight,Normal,Vehicle with vehicle collision,2,1,Going straight,Driver or rider,Male,18-30,Slight,Self-employed,Normal,Changing lane to the left,Slight Injury
23:30:00,Night,Sunday,Unknown,Female,Elementary School,Employee,1-2,2,Unknown,Owner,5-10 years,Unknown,Office area,Two Way (Divided - Broken Line),Flat Road,Crossing,Asphalt roads,Dry,Darkness - lights lit,Normal,Rollover,1,1,Turnover,Unspecified,Unknown,Unknown,No Injury,Driver,Normal,Changing lane to the right,Slight Injury
15:45:00,Afternoon,Thursday,51-100,Male,Junior High School,Employee,10-20,5,Lorry,Owner,5-10 years,Unknown,Residential area,Two Way (Undivided),Flat Road,No junction,Asphalt roads,Dry,Daylight,Normal,Vehicle with vehicle collision,2,1,Going straight,Driver or rider,Male,31-50,Slight,Employee,Normal,No priority to pedestrian,Slight Injury
15:45:00,Afternoon,Thursday,51-100,Male,Junior High School,Unknown,No License,6,Taxi,Owner,2-5 years,Unknown,Office area,Divided Road,Flat Road,No junction,Asphalt roads,Dry,Daylight,Normal,Vehicle with vehicle collision,2,1,Going straight,Unspecified,Unknown,Unknown,No Injury,Driver,Normal,Overspeed,Slight Injury
11:04:00,Morning,Sunday,51-100,Male,Junior High School,Owner,5-10,4,Lorry,Owner,2-5 years,No Defect,Office area,Divided Road,Flat Road,X Shape,Asphalt roads,Dry,Daylight,Normal,Vehicle with vehicle collision,2,1,Going straight,Pedestrian,Female,18-30,Slight,Driver,Unknown,Changing lane to the left,Slight Injury
11:04:00,Morning,Sunday,31-50,Male,Above High School,Employee,5-10,4,Lorry,Owner,Unknown,No Defect,Other,Two Way (Divided - Broken Line),Flat Road,X Shape,Asphalt roads,Dry,Daylight,Normal,Vehicle with vehicle collision,2,1,Going straight,Driver or rider,Female,18-30,Slight,Driver,Normal,No priority to vehicle,Slight Injury
9:55:00,Morning,Friday,18-30,Male,Junior High School,Employee,5-10,4,Other,Owner,Unknown,No Defect,Other,Two Way (Divided - Broken Line),Flat Road,Crossing,Asphalt roads,Dry,Daylight,Normal,Vehicle with vehicle collision,2,1,Going straight,Driver or rider,Female,31-50,Slight,Driver,Normal,Changing lane to the right,Slight Injury
9:55:00,Morning,Friday,31-50,Male,Junior High School,Employee,10-20,5,Station Wagon,Owner,Above 10 years,No Defect,Residential area,Two Way (Divided - Broken Line),Flat Road,Crossing,Asphalt roads,Dry,Daylight,Normal,Collision with pedestrians,2,1,Going straight,Driver or rider,Male,31-50,Slight,Driver,Normal,No distancing,Slight Injury
18:10:00,Evening,Saturday,18-30,Male,Junior High School,Employee,1-2,2,Station Wagon,Owner,Unknown,Unknown,Church area,Two Way (Divided - Broken Line),Flat Road,No junction,Earth roads,Dry,Daylight,Normal,Rollover,2,2,Moving Backward,Unspecified,Unknown,Unknown,No Injury,Driver,Normal,No priority to pedestrian,Slight Injury
18:10:00,Evening,Saturday,18-30,Male,Junior High School,Employee,2-5,3,Lorry,Governmental,Unknown,No Defect,Church area,Divided Road,Flat Road,No junction,Asphalt roads,Dry,Daylight,Normal,Vehicle with vehicle collision,2,2,Going straight,Driver or rider,Male,Unknown,Slight,Driver,Unknown,No distancing,Slight Injury
8:00:00,Morning,Monday,18-30,Male,Junior High School,Employee,0-1,1,Lorry,Owner,2-5 years,No Defect,Residential area,Divided Road,Flat Road,Y Shape,Asphalt roads,Dry,Daylight,Normal,Rollover,1,1,Going straight,Unspecified,Unknown,Unknown,No Injury,Driver,Normal,No priority to vehicle,Slight Injury
8:30:00,Morning,Wednesday,31-50,Male,Junior High School,Employee,10-20,5,Other,Owner,Unknown,No Defect,Office area,Two Way (Divided - Broken Line),Flat Road,Y Shape,Asphalt roads,Dry,Daylight,Normal,Vehicle with vehicle collision,2,2,Going straight,Driver or rider,Male,18-30,Serious,Driver,Normal,Other,Slight Injury
8:30:00,Morning,Wednesday,18-30,Male,Junior High School,Employee,1-2,2,Automobile,Owner,5-10 years,No Defect,Office area,Two Way (Divided - Broken Line),Flat Road,Y Shape,Asphalt roads,Dry,Daylight,Normal,Vehicle with vehicle collision,2,2,Going straight,Unspecified,Unknown,Unknown,No Injury,Employee,Unknown,Driving carelessly,Slight Injury
17:50:00,Evening,Sunday,31-50,Male,Above High School,Employee,5-10,4,Unknown,Owner,2-5 years,Unknown,Residential area,Two Way (Divided - Broken Line),Flat Road,Crossing,Asphalt roads,Dry,Daylight,Normal,Vehicle with vehicle collision,4,5,Moving Backward,Driver or rider,Male,31-50,Slight,Driver,Normal,Changing lane to the left,Slight Injury
17:50:00,Evening,Sunday,0-17,Male,Junior High School,Employee,5-10,4,Taxi,Owner,5-10 years,Unknown,Church area,Other,Flat Road,Crossing,Asphalt roads,Dry,Daylight,Normal,Vehicle with vehicle collision,4,5,Going straight,Pedestrian,Male,31-50,Serious,Driver,Unknown,Driving carelessly,Slight Injury
17:50:00,Evening,Sunday,0-17,Male,Elementary School,Owner,0-1,1,Lorry,Owner,Unknown,Unknown,Other,Two Way (Divided - Broken Line),Flat Road,Crossing,Asphalt roads,Dry,Daylight,Normal,Vehicle with vehicle collision,4,5,Other,Pedestrian,Female,31-50,Slight,Driver,Normal,Changing lane to the left,Slight Injury
17:50:00,Evening,Sunday,0-17,Male,Junior High School,Unknown,No License,6,Other,Owner,Unknown,Unknown,Office area,Two Way (Divided - Broken Line),Flat Road,Crossing,Asphalt roads,Dry,Daylight,Normal,Collision with roadside objects,4,5,Other,Driver or rider,Male,18-30,Slight,Driver,Normal,No priority to vehicle,Slight Injury
17:50:00,Evening,Sunday,18-30,Male,Junior High School,Employee,10-20,5,Automobile,Owner,Unknown,Unknown,Other,Two Way (Divided - Broken Line),Flat Road,Crossing,Asphalt roads,Dry,Daylight,Normal,Vehicle with vehicle collision,4,5,Going straight,Pedestrian,Female,18-30,Slight,Driver,Normal,No distancing,Slight Injury
17:50:00,Evening,Sunday,18-30,Male,Junior High School,Unknown,No License,6,Public Transport,Owner,Unknown,Unknown,Other,Two Way (Divided - Broken Line),Flat Road,Crossing,Asphalt roads,Dry,Daylight,Normal,Vehicle with vehicle collision,4,5,Going straight,Driver or rider,Male,Unknown,Slight,Self-employed,Normal,Changing lane to the right,Slight Injury
17:51:00,Evening,Monday,18-30,Male,Junior High School,Employee,1-2,2,Station Wagon,Owner,Unknown,Unknown,Unknown,Unknown,Flat Road,Y Shape,Asphalt roads,Dry,Daylight,Normal,Vehicle with vehicle collision,3,1,Going straight,Unspecified,Unknown,Unknown,No Injury,Driver,Normal,Changing lane to the right,Serious Injury
17:51:00,Evening,Monday,51-100,Male,Junior High School,Owner,2-5,3,Automobile,Governmental,2-5 years,Unknown,Residential area,Two Way (Divided - Broken Line),Unknown,Y Shape,Asphalt roads,Dry,Daylight,Normal,Collision with pedestrians,3,1,Going straight,Driver or rider,Male,18-30,Slight,Employee,Normal,Driving at high speed,Serious Injury
17:51:00,Evening,Monday,18-30,Male,Junior High School,Employee,No License,6,Lorry,Owner,Below 1 year,Unknown,Church area,Two Way (Undivided),Flat Road,Y Shape,Asphalt roads,Dry,Daylight,Normal,Vehicle with vehicle collision,3,1,Other,Unspecified,Unknown,Unknown,No Injury,Driver,Unknown,No distancing,Serious Injury
8:42:00,Morning,Thursday,31-50,Male,Junior High School,Employee,10-20,5,Other,Owner,Unknown,Unknown,Other,Two Way (Undivided),Flat Road,Y Shape,Asphalt roads,Dry,Daylight,Normal,Vehicle with vehicle collision,2,2,Going straight,Driver or rider,Male,18-30,Serious,Driver,Normal,Changing lane to the right,Serious Injury
8:42:00,Morning,Thursday,31-50,Male,Junior High School,Owner,2-5,3,Public Transport,Owner,Unknown,Unknown,Other,One Way,Flat Road,Y Shape,Asphalt roads,Dry,Daylight,Normal,Vehicle with vehicle collision,2,2,Getting off,Passenger,Female,18-30,Slight,Driver,Normal,Changing lane to the left,Serious Injury
8:42:00,Morning,Thursday,31-50,Male,Junior High School,Employee,5-10,4,Other,Owner,Unknown,No Defect,Residential area,Two Way (Divided - Broken Line),Flat Road,Y Shape,Asphalt roads,Dry,Daylight,Normal,Rollover,2,2,Going straight,Driver or rider,Female,Over 51,Slight,Self-employed,Unknown,Getting off the vehicle improperly,Serious Injury
0:25:00,Night,Saturday,Unknown,Female,Junior High School,Employee,2-5,3,Other,Owner,Unknown,Unknown,Office area,One Way,Flat Road,Crossing,Asphalt roads,Dry,Darkness - lights lit,Normal,Collision with roadside objects,2,3,Going straight,Unspecified,Unknown,Unknown,No Injury,Driver,Normal,Other,Slight Injury
0:25:00,Night,Saturday,18-30,Male,Junior High School,Employee,1-2,2,Animal Transport,Owner,Unknown,No Defect,Industrial area,Two Way (Divided - Broken Line),Flat Road,Crossing,Asphalt roads,Dry,Darkness - lights lit,Normal,Vehicle with vehicle collision,2,3,Going straight,Driver or rider,Male,18-30,Slight,Self-employed,Normal,Other,Slight Injury
0:25:00,Night,Saturday,18-30,Male,Junior High School,Employee,5-10,4,Lorry,Governmental,Unknown,No Defect,Residential area,Divided Road,Flat Road,Crossing,Asphalt roads,Dry,Darkness - lights lit,Normal,Vehicle with vehicle collision,2,3,Going straight,Unspecified,Unknown,Unknown,No Injury,Self-employed,Unknown,No distancing,Slight Injury
0:25:00,Night,Saturday,18-30,Male,Junior High School,Employee,2-5,3,Lorry,Owner,Unknown,No Defect,Office area,Unknown,Flat Road,Crossing,Asphalt roads,Dry,Darkness - lights lit,Normal,Collision with roadside objects,2,3,Going straight,Driver or rider,Male,18-30,Slight,Driver,Normal,No priority to vehicle,Slight Injury
10:50:00,Morning,Sunday,51-100,Male,Elementary School,Employee,5-10,4,Other,Owner,2-5 years,Unknown,Other,Unknown,Flat Road,Y Shape,Asphalt roads,Dry,Daylight,Normal,Vehicle with vehicle collision,1,1,Going straight,Unspecified,Unknown,Unknown,No Injury,Driver,Normal,Overtaking,Slight Injury
8:15:00,Morning,Wednesday,31-50,Male,Above High School,Owner,5-10,4,Lorry,Owner,Unknown,Unknown,Church area,Other,Flat Road,Crossing,Asphalt roads,Wet or damp,Daylight,Raining,Vehicle with vehicle collision,2,1,Moving Backward,Unspecified,Unknown,Unknown,No Injury,Driver,Normal,No priority to pedestrian,Slight Injury
8:15:00,Morning,Wednesday,31-50,Male,Junior High School,Employee,2-5,3,Automobile,Owner,Above 10 years,Unknown,Industrial area,Unknown,Flat Road,Crossing,Asphalt roads,Wet or damp,Daylight,Raining,Vehicle with vehicle collision,2,1,Going straight,Driver or rider,Male,31-50,Slight,Other,Normal,No distancing,Slight Injury
10:58:00,Morning,Sunday,18-30,Male,Junior High School,Employee,2-5,3,Automobile,Owner,Unknown,No Defect,Recreational area,One Way,Flat Road,Other,Asphalt roads,Wet or damp,Daylight,Raining,Rollover,4,1,Other,Driver or rider,Male,31-50,Slight,Self-employed,Normal,Changing lane to the right,Slight Injury
10:58:00,Morning,Sunday,31-50,Male,Junior High School,Employee,2-5,3,Lorry,Owner,Unknown,No Defect,Market area,Two Way (Undivided),Flat Road,Other,Asphalt roads,Wet or damp,Daylight,Raining,Rollover,4,1,Going straight,Unspecified,Unknown,Unknown,No Injury,Self-employed,Normal,Driving carelessly,Slight Injury
10:58:00,Morning,Sunday,Unknown,Female,Junior High School,Employee,5-10,4,Motorcycle,Owner,Unknown,No Defect,Other,Two Way (Divided - Broken Line),Flat Road,Other,Asphalt roads,Wet or damp,Daylight,Raining,Collision with pedestrians,4,1,Going straight,Driver or rider,Male,31-50,Slight,Driver,Normal,Changing lane to the right,Slight Injury
10:58:00,Morning,Sunday,Unknown,Female,Junior High School,Employee,1-2,2,Lorry,Owner,Unknown,Unknown,Other,Two Way (Divided - Broken Line),Flat Road,Other,Asphalt roads,Wet or damp,Daylight,Raining,Vehicle with vehicle collision,4,1,Going straight,Unspecified,Unknown,Unknown,No Injury,Employee,Unknown,Overtaking,Slight Injury
19:14:00,Evening,Monday,18-30,Male,Junior High School,Owner,2-5,3,Station Wagon,Owner,Unknown,No Defect,Industrial area,Two Way (Divided - Broken Line),Unknown,Crossing,Asphalt roads,Dry,Daylight,Normal,Vehicle with vehicle collision,2,2,Going straight,Unspecified,Unknown,Unknown,No Injury,Driver,Normal,Other,Slight Injury
19:14:00,Evening,Monday,18-30,Male,High School,Owner,2-5,3,Automobile,Governmental,2-5 years,Unknown,Other,Two Way (Divided - Broken Line),Flat Road,Crossing,Asphalt roads,Dry,Daylight,Normal,Vehicle with vehicle collision,2,2,Unknown,Driver or rider,Male,31-50,Slight,Driver,Normal,Driving to the left,Slight Injury
19:14:00,Evening,Monday,18-30,Male,Junior High School,Employee,No License,6,Other,Governmental,Unknown,Unknown,Office area,Other,Flat Road,Crossing,Asphalt roads,Dry,Daylight,Normal,Collision with pedestrians,2,2,Moving Backward,Driver or rider,Male,Under 18,Serious,Driver,Normal,Driving at high speed,Slight Injury
8:34:00,Morning,Wednesday,18-30,Male,Junior High School,Owner,1-2,2,Other,Owner,Unknown,Unknown,Unknown,Other,Flat Road,No junction,Asphalt roads,Wet or damp,Daylight,Normal,Collision with pedestrians,1,1,Unknown,Unspecified,Unknown,Unknown,No Injury,Driver,Normal,Unknown,Serious Injury
14:19:00,Afternoon,Sunday,51-100,Male,Junior High School,Unknown,0-1,1,Taxi,Owner,Unknown,Unknown,Office area,Two Way (Divided - Broken Line),Flat Road,No junction,Asphalt roads,Dry,Daylight,Normal,Vehicle with vehicle collision,2,1,Going straight,Pedestrian,Male,31-50,Slight,Self-employed,Normal,Changing lane to the right,Serious Injury
14:19:00,Afternoon,Sunday,51-100,Male,High School,Employee,1-2,2,Automobile,Owner,Unknown,Unknown,Office area,Two Way (Undivided),Flat Road,No junction,Asphalt roads,Dry,Daylight,Normal,Vehicle with vehicle collision,2,1,Going straight,Driver or rider,Female,31-50,Slight,Driver,Normal,No distancing,Serious Injury
14:20:00,Afternoon,Thursday,18-30,Male,Above High School,Employee,1-2,2,Lorry,Organization,Unknown,Unknown,Other,Other,Flat Road,Y Shape,Asphalt roads,Dry,Daylight,Normal,Vehicle with vehicle collision,2,1,Unknown,Unspecified,Unknown,Unknown,No Injury,Other,Normal,Other,Serious Injury
14:20:00,Afternoon,Thursday,31-50,Male,Junior High School,Employee,10-20,5,Lorry,Governmental,2-5 years,Unknown,Other,Other,Flat Road,Y Shape,Asphalt roads,Dry,Daylight,Normal,Collision with roadside objects,2,1,Going straight,Driver or rider,Male,31-50,Slight,Driver,Normal,No priority to vehicle,Serious Injury
12:30:00,Afternoon,Thursday,18-30,Male,High School,Employee,1-2,2,Lorry,Owner,Unknown,No Defect,Other,Two Way (Undivided),Flat Road,Y Shape,Asphalt roads,Dry,Daylight,Normal,Vehicle with vehicle collision,2,1,Going straight,Unspecified,Unknown,Unknown,No Injury,Driver,Normal,Changing lane to the left,Slight Injury
12:30:00,Afternoon,Thursday,31-50,Male,Junior High School,Employee,2-5,3,Lorry,Owner,Above 10 years,Unknown,Other,Other,Flat Road,Y Shape,Asphalt roads,Dry,Daylight,Normal,Collision with roadside objects,2,1,Going straight,Unspecified,Unknown,Unknown,No Injury,Driver,Unknown,No priority to pedestrian,Slight Injury
13:30:00,Afternoon,Tuesday,51-100,Male,Above High School,Other,2-5,3,Lorry,Owner,Unknown,Unknown,Residential area,Two Way (Undivided),Flat Road,Crossing,Asphalt roads,Dry,Daylight,Normal,Vehicle with vehicle collision,1,1,Going straight,Driver or rider,Female,Unknown,Slight,Driver,Normal,Overtaking,Slight Injury
14:00:00,Afternoon,Friday,18-30,Male,High School,Employee,10-20,5,Automobile,Owner,2-5 years,No Defect,Church area,Two Way (Undivided),Flat Road,Y Shape,Asphalt roads,Wet or damp,Daylight,Raining,Vehicle with vehicle collision,1,1,Going straight,Unspecified,Unknown,Unknown,No Injury,Driver,Normal,Driving carelessly,Slight Injury